"YEAR","DATANUM","SERIAL","CBSERIAL","HHWT","CPI99","GQ","QGQ","PERNUM","PERWT","SEX","AGE","EDUC","EDUCD","INCTOT","SEX_HEAD","SEX_MOM","SEX_POP","SEX_SP","SEX_MOM2","SEX_POP2","AGE_HEAD","AGE_MOM","AGE_POP","AGE_SP","AGE_MOM2","AGE_POP2","EDUC_HEAD","EDUC_MOM","EDUC_POP","EDUC_SP","EDUC_MOM2","EDUC_POP2","EDUCD_HEAD","EDUCD_MOM","EDUCD_POP","EDUCD_SP","EDUCD_MOM2","EDUCD_POP2","INCTOT_HEAD","INCTOT_MOM","INCTOT_POP","INCTOT_SP","INCTOT_MOM2","INCTOT_POP2"
1970,2,1,,100,4.54,1,0,1,100,1,39,6,60,12450,1,,,2,,,39,,,36,,,6,,,3,,,60,,,30,,,12450,,,3450,,
1970,2,1,,100,4.54,1,0,2,100,2,36,3,30,3450,1,,,1,,,39,,,39,,,6,,,6,,,60,,,60,,,12450,,,12450,,
1970,2,2,,100,4.54,1,0,1,100,1,56,7,70,9050,1,,,2,,,56,,,54,,,7,,,6,,,70,,,60,,,9050,,,0,,
1970,2,2,,100,4.54,1,0,2,100,2,54,6,60,0,1,,,1,,,56,,,56,,,7,,,7,,,70,,,70,,,9050,,,9050,,
1970,2,4,,100,4.54,1,0,1,100,1,82,1,17,7450,1,,,2,,,82,,,74,,,1,,,2,,,17,,,23,,,7450,,,650,,
1970,2,4,,100,4.54,1,0,2,100,2,74,2,23,650,1,,,1,,,82,,,82,,,1,,,1,,,17,,,17,,,7450,,,7450,,
1970,2,5,,100,4.54,1,0,1,100,1,66,10,100,6950,1,,,2,,,66,,,62,,,10,,,6,,,100,,,60,,,6950,,,250,,
1970,2,5,,100,4.54,1,0,2,100,2,62,6,60,250,1,,,1,,,66,,,66,,,10,,,10,,,100,,,100,,,6950,,,6950,,
1970,2,6,,100,4.54,1,0,1,100,2,70,4,40,1250,2,,,,,,70,,,,,,4,,,,,,40,,,,,,1250,,,,,
1970,2,7,,100,4.54,1,0,1,100,1,25,6,60,11150,1,,,2,,,25,,,22,,,6,,,6,,,60,,,60,,,11150,,,4050,,
1970,2,7,,100,4.54,1,0,2,100,2,22,6,60,4050,1,,,1,,,25,,,25,,,6,,,6,,,60,,,60,,,11150,,,11150,,
1970,2,7,,100,4.54,1,0,3,100,1,1,0,1,9999999,1,2,1,,,,25,22,25,,,,6,6,6,,,,60,60,60,,,,11150,4050,11150,,,
1970,2,8,,100,4.54,3,0,1,100,2,98,2,26,550,,,,,,,,,,,,,,,,,,,,,,,,,,,,,,
1970,2,9,,100,4.54,1,0,1,100,1,25,10,100,6150,1,,,2,,,25,,,27,,,10,,,9,,,100,,,90,,,6150,,,1050,,
1970,2,9,,100,4.54,1,0,2,100,2,27,9,90,1050,1,,,1,,,25,,,25,,,10,,,10,,,100,,,100,,,6150,,,6150,,
1970,2,10,,100,4.54,1,0,1,100,1,41,11,111,8050,1,2,,,,,41,78,,,,,11,6,,,,,111,60,,,,,8050,0,,,,
1970,2,10,,100,4.54,1,0,2,100,2,78,6,60,0,1,,,,,,41,,,,,,11,,,,,,111,,,,,,8050,,,,,
1970,2,10,,100,4.54,1,0,3,100,2,38,6,60,7150,1,2,,,,,41,78,,,,,11,6,,,,,111,60,,,,,8050,0,,,,
1970,2,11,,100,4.54,1,0,1,100,1,20,6,60,2050,1,,,,,,20,,,,,,6,,,,,,60,,,,,,2050,,,,,
1970,2,13,,100,4.54,1,0,1,100,1,37,6,65,16850,1,,,2,,,37,,,30,,,6,,,8,,,65,,,80,,,16850,,,350,,
1970,2,13,,100,4.54,1,0,2,100,2,30,8,80,350,1,,,1,,,37,,,37,,,6,,,6,,,65,,,65,,,16850,,,16850,,
1970,2,13,,100,4.54,1,0,3,100,1,5,0,2,9999999,1,2,1,,,,37,30,37,,,,6,8,6,,,,65,80,65,,,,16850,350,16850,,,
1970,2,13,,100,4.54,1,0,4,100,2,1,0,1,9999999,1,2,1,,,,37,30,37,,,,6,8,6,,,,65,80,65,,,,16850,350,16850,,,
1970,2,14,,100,4.54,1,0,1,100,1,49,2,23,8850,1,,,2,,,49,,,35,,,2,,,3,,,23,,,30,,,8850,,,4850,,
1970,2,14,,100,4.54,1,0,2,100,2,35,3,30,4850,1,,,1,,,49,,,49,,,2,,,2,,,23,,,23,,,8850,,,8850,,
1970,2,14,,100,4.54,1,0,3,100,2,17,3,30,250,1,2,1,,,,49,35,49,,,,2,3,2,,,,23,30,23,,,,8850,4850,8850,,,
1970,2,14,,100,4.54,1,0,4,100,2,14,2,25,0,1,2,1,,,,49,35,49,,,,2,3,2,,,,23,30,23,,,,8850,4850,8850,,,
1970,2,14,,100,4.54,1,0,5,100,1,10,1,15,9999999,1,2,1,,,,49,35,49,,,,2,3,2,,,,23,30,23,,,,8850,4850,8850,,,
1970,2,14,,100,4.54,1,0,6,100,2,8,1,14,9999999,1,2,1,,,,49,35,49,,,,2,3,2,,,,23,30,23,,,,8850,4850,8850,,,
1970,2,14,,100,4.54,1,0,7,100,1,0,0,1,9999999,1,2,1,,,,49,35,49,,,,2,3,2,,,,23,30,23,,,,8850,4850,8850,,,
1970,2,15,,100,4.54,1,0,1,100,2,62,7,70,7750,2,,,,,,62,,,,,,7,,,,,,70,,,,,,7750,,,,,
1970,2,15,,100,4.54,1,0,2,100,1,35,11,111,5350,2,2,,,,,62,62,,,,,7,7,,,,,70,70,,,,,7750,7750,,,,
1970,2,16,,100,4.54,1,0,1,100,1,57,4,40,11250,1,,,2,,,57,,,54,,,4,,,2,,,40,,,26,,,11250,,,150,,
1970,2,16,,100,4.54,1,0,2,100,2,54,2,26,150,1,2,,1,,,57,86,,57,,,4,2,,4,,,40,26,,40,,,11250,1250,,11250,,
1970,2,16,,100,4.54,1,0,3,100,2,86,2,26,1250,1,,,,,,57,,,,,,4,,,,,,40,,,,,,11250,,,,,
1970,2,17,,100,4.54,1,0,1,100,1,54,6,60,6050,1,,,,,,54,,,,,,6,,,,,,60,,,,,,6050,,,,,
1970,2,17,,100,4.54,1,0,2,100,2,64,2,26,0,1,,,,,,54,,,,,,6,,,,,,60,,,,,,6050,,,,,
1970,2,18,,100,4.54,1,0,1,100,1,52,7,70,12050,1,,,2,,,52,,,44,,,7,,,6,,,70,,,60,,,12050,,,650,,
1970,2,18,,100,4.54,1,0,2,100,2,44,6,60,650,1,,,1,,,52,,,52,,,7,,,7,,,70,,,70,,,12050,,,12050,,
1970,2,18,,100,4.54,1,0,3,100,2,16,4,40,950,1,2,1,,,,52,44,52,,,,7,6,7,,,,70,60,70,,,,12050,650,12050,,,
1970,2,18,,100,4.54,1,0,4,100,2,15,3,30,350,1,2,1,,,,52,44,52,,,,7,6,7,,,,70,60,70,,,,12050,650,12050,,,
1970,2,18,,100,4.54,1,0,5,100,1,14,2,25,350,1,2,1,,,,52,44,52,,,,7,6,7,,,,70,60,70,,,,12050,650,12050,,,
1970,2,18,,100,4.54,1,0,6,100,1,12,2,22,9999999,1,2,1,,,,52,44,52,,,,7,6,7,,,,70,60,70,,,,12050,650,12050,,,
1970,2,18,,100,4.54,1,0,7,100,1,6,1,12,9999999,1,2,1,,,,52,44,52,,,,7,6,7,,,,70,60,70,,,,12050,650,12050,,,
1970,2,19,,100,4.54,1,0,1,100,1,77,2,26,250,1,,,2,,,77,,,79,,,2,,,2,,,26,,,26,,,250,,,0,,
1970,2,19,,100,4.54,1,0,2,100,2,79,2,26,0,1,,,1,,,77,,,77,,,2,,,2,,,26,,,26,,,250,,,250,,
1970,2,20,,100,4.54,1,0,1,100,1,36,6,60,11450,1,,,2,,,36,,,32,,,6,,,6,,,60,,,60,,,11450,,,5550,,
1970,2,20,,100,4.54,1,0,2,100,2,32,6,60,5550,1,,,1,,,36,,,36,,,6,,,6,,,60,,,60,,,11450,,,11450,,
1970,2,20,,100,4.54,1,0,3,100,2,9,1,16,9999999,1,2,1,,,,36,32,36,,,,6,6,6,,,,60,60,60,,,,11450,5550,11450,,,
1970,2,21,,100,4.54,1,0,1,100,1,21,4,40,2450,1,,,2,,,21,,,20,,,4,,,4,,,40,,,40,,,2450,,,4550,,
1970,2,21,,100,4.54,1,0,2,100,2,20,4,40,4550,1,,,1,,,21,,,21,,,4,,,4,,,40,,,40,,,2450,,,2450,,
1970,2,21,,100,4.54,1,0,3,100,1,5,1,12,9999999,1,2,1,,,,21,20,21,,,,4,4,4,,,,40,40,40,,,,2450,4550,2450,,,
1970,2,21,,100,4.54,1,0,4,100,1,4,1,11,9999999,1,2,1,,,,21,20,21,,,,4,4,4,,,,40,40,40,,,,2450,4550,2450,,,
1970,2,22,,100,4.54,1,0,1,100,1,23,2,26,5050,1,,,,,,23,,,,,,2,,,,,,26,,,,,,5050,,,,,
1970,2,22,,100,4.54,1,0,2,100,2,23,3,30,1850,1,,,,,,23,,,,,,2,,,,,,26,,,,,,5050,,,,,
1970,2,23,,100,4.54,1,0,1,100,1,63,6,60,5050,1,,,,,,63,,,,,,6,,,,,,60,,,,,,5050,,,,,
1970,2,24,,100,4.54,1,0,1,100,2,68,3,30,2150,2,,,,,,68,,,,,,3,,,,,,30,,,,,,2150,,,,,
1970,2,25,,100,4.54,1,0,1,100,1,65,2,22,4850,1,,,2,,,65,,,61,,,2,,,4,,,22,,,40,,,4850,,,4350,,
1970,2,25,,100,4.54,1,0,2,100,2,61,4,40,4350,1,,,1,,,65,,,65,,,2,,,2,,,22,,,22,,,4850,,,4850,,
1970,2,26,,100,4.54,1,0,1,100,1,61,8,80,2150,1,,,2,,,61,,,66,,,8,,,6,,,80,,,60,,,2150,,,5650,,
1970,2,26,,100,4.54,1,0,2,100,2,66,6,60,5650,1,,,1,,,61,,,61,,,8,,,8,,,80,,,80,,,2150,,,2150,,
1970,2,27,,100,4.54,1,0,1,100,2,77,1,14,4050,2,,,,,,77,,,,,,1,,,,,,14,,,,,,4050,,,,,
1970,2,27,,100,4.54,1,0,2,100,1,75,1,14,2050,2,,,,,,77,,,,,,1,,,,,,14,,,,,,4050,,,,,
1970,2,28,,100,4.54,1,0,1,100,1,32,8,80,5050,1,,,,,,32,,,,,,8,,,,,,80,,,,,,5050,,,,,
1970,2,29,,100,4.54,1,0,1,100,1,59,5,50,15050,1,,,2,,,59,,,55,,,5,,,6,,,50,,,60,,,15050,,,0,,
1970,2,29,,100,4.54,1,0,2,100,2,55,6,60,0,1,,,1,,,59,,,59,,,5,,,5,,,50,,,50,,,15050,,,15050,,
1970,2,30,,100,4.54,1,0,1,100,2,47,6,60,0,2,,,,,,47,,,,,,6,,,,,,60,,,,,,0,,,,,
1970,2,31,,100,4.54,1,0,1,100,1,43,8,80,7050,1,,,2,,,43,,,41,,,8,,,6,,,80,,,60,,,7050,,,2050,,
1970,2,31,,100,4.54,1,0,2,100,2,41,6,60,2050,1,,,1,,,43,,,43,,,8,,,8,,,80,,,80,,,7050,,,7050,,
1970,2,31,,100,4.54,1,0,3,100,2,18,6,65,4050,1,2,1,,,,43,41,43,,,,8,6,8,,,,80,60,80,,,,7050,2050,7050,,,
1970,2,31,,100,4.54,1,0,4,100,2,15,2,26,0,1,2,1,,,,43,41,43,,,,8,6,8,,,,80,60,80,,,,7050,2050,7050,,,
1970,2,31,,100,4.54,1,0,5,100,2,10,1,17,9999999,1,2,1,,,,43,41,43,,,,8,6,8,,,,80,60,80,,,,7050,2050,7050,,,
1970,2,32,,100,4.54,1,0,1,100,1,40,10,100,13350,1,,,2,,,40,,,36,,,10,,,10,,,100,,,100,,,13350,,,0,,
1970,2,32,,100,4.54,1,0,2,100,2,36,10,100,0,1,,,1,,,40,,,40,,,10,,,10,,,100,,,100,,,13350,,,13350,,
1970,2,32,,100,4.54,1,0,3,100,1,14,2,25,0,1,2,1,,,,40,36,40,,,,10,10,10,,,,100,100,100,,,,13350,0,13350,,,
1970,2,32,,100,4.54,1,0,4,100,1,10,1,16,9999999,1,2,1,,,,40,36,40,,,,10,10,10,,,,100,100,100,,,,13350,0,13350,,,
1970,2,32,,100,4.54,1,0,5,100,2,4,1,11,9999999,1,2,1,,,,40,36,40,,,,10,10,10,,,,100,100,100,,,,13350,0,13350,,,
1970,2,33,,100,4.54,1,0,1,100,1,40,11,111,25050,1,,,2,,,40,,,32,,,11,,,10,,,111,,,100,,,25050,,,0,,
1970,2,33,,100,4.54,1,0,2,100,2,32,10,100,0,1,,,1,,,40,,,40,,,11,,,11,,,111,,,111,,,25050,,,25050,,
1970,2,33,,100,4.54,1,0,3,100,1,5,0,2,9999999,1,2,1,,,,40,32,40,,,,11,10,11,,,,111,100,111,,,,25050,0,25050,,,
1970,2,33,,100,4.54,1,0,4,100,1,3,0,2,9999999,1,2,1,,,,40,32,40,,,,11,10,11,,,,111,100,111,,,,25050,0,25050,,,
1970,2,34,,100,4.54,1,0,1,100,1,31,11,111,19350,1,,,2,,,31,,,31,,,11,,,10,,,111,,,100,,,19350,,,0,,
1970,2,34,,100,4.54,1,0,2,100,2,31,10,100,0,1,,,1,,,31,,,31,,,11,,,11,,,111,,,111,,,19350,,,19350,,
1970,2,34,,100,4.54,1,0,3,100,2,3,0,2,9999999,1,2,1,,,,31,31,31,,,,11,10,11,,,,111,100,111,,,,19350,0,19350,,,
1970,2,35,,100,4.54,1,0,1,100,1,64,11,111,17150,1,,,,,,64,,,,,,11,,,,,,111,,,,,,17150,,,,,
1970,2,36,,100,4.54,1,0,1,100,1,55,3,30,9050,1,,,2,,,55,,,51,,,3,,,6,,,30,,,60,,,9050,,,2950,,
1970,2,36,,100,4.54,1,0,2,100,2,51,6,60,2950,1,,,1,,,55,,,55,,,3,,,3,,,30,,,30,,,9050,,,9050,,
1970,2,37,,100,4.54,1,0,1,100,1,43,11,111,50000,1,,,2,,,43,,,40,,,11,,,10,,,111,,,100,,,50000,,,1150,,
1970,2,37,,100,4.54,1,0,2,100,2,40,10,100,1150,1,,,1,,,43,,,43,,,11,,,11,,,111,,,111,,,50000,,,50000,,
1970,2,37,,100,4.54,1,0,3,100,1,16,4,40,250,1,2,1,,,,43,40,43,,,,11,10,11,,,,111,100,111,,,,50000,1150,50000,,,
1970,2,37,,100,4.54,1,0,4,100,2,15,2,26,50,1,2,1,,,,43,40,43,,,,11,10,11,,,,111,100,111,,,,50000,1150,50000,,,
1970,2,37,,100,4.54,1,0,5,100,1,12,2,22,9999999,1,2,1,,,,43,40,43,,,,11,10,11,,,,111,100,111,,,,50000,1150,50000,,,
1970,2,38,,100,4.54,1,0,1,100,1,32,10,100,22150,1,,,2,,,32,,,31,,,10,,,7,,,100,,,70,,,22150,,,0,,
1970,2,38,,100,4.54,1,0,2,100,2,31,7,70,0,1,,,1,,,32,,,32,,,10,,,10,,,100,,,100,,,22150,,,22150,,
1970,2,38,,100,4.54,1,0,3,100,2,5,0,2,9999999,1,2,1,,,,32,31,32,,,,10,7,10,,,,100,70,100,,,,22150,0,22150,,,
1970,2,38,,100,4.54,1,0,4,100,1,4,0,2,9999999,1,2,1,,,,32,31,32,,,,10,7,10,,,,100,70,100,,,,22150,0,22150,,,
1970,2,38,,100,4.54,1,0,5,100,2,2,0,1,9999999,1,2,1,,,,32,31,32,,,,10,7,10,,,,100,70,100,,,,22150,0,22150,,,
1970,2,39,,100,4.54,1,0,1,100,1,54,8,80,17850,1,,,2,,,54,,,47,,,8,,,6,,,80,,,60,,,17850,,,0,,
1970,2,39,,100,4.54,1,0,2,100,2,47,6,60,0,1,,,1,,,54,,,54,,,8,,,8,,,80,,,80,,,17850,,,17850,,
1970,2,39,,100,4.54,1,0,3,100,1,19,6,60,2750,1,2,1,,,,54,47,54,,,,8,6,8,,,,80,60,80,,,,17850,0,17850,,,
1970,2,39,,100,4.54,1,0,4,100,1,12,2,23,9999999,1,2,1,,,,54,47,54,,,,8,6,8,,,,80,60,80,,,,17850,0,17850,,,
1970,2,40,,100,4.54,1,0,1,100,1,46,6,60,17150,1,,,2,,,46,,,46,,,6,,,6,,,60,,,60,,,17150,,,5050,,
1970,2,40,,100,4.54,1,0,2,100,2,46,6,60,5050,1,,,1,,,46,,,46,,,6,,,6,,,60,,,60,,,17150,,,17150,,
1970,2,41,,100,4.54,1,0,1,100,1,70,6,60,11450,1,,,,,,70,,,,,,6,,,,,,60,,,,,,11450,,,,,
1970,2,41,,100,4.54,1,0,2,100,2,28,5,50,2150,1,,,,,,70,,,,,,6,,,,,,60,,,,,,11450,,,,,
1970,2,41,,100,4.54,1,0,3,100,1,33,8,80,9850,1,,1,,,,70,,70,,,,6,,6,,,,60,,60,,,,11450,,11450,,,
1970,2,41,,100,4.54,1,0,4,100,1,0,0,1,9999999,1,,1,,,,70,,33,,,,6,,8,,,,60,,80,,,,11450,,9850,,,
1970,2,41,,100,4.54,1,0,5,100,2,5,0,2,9999999,1,,1,,,,70,,33,,,,6,,8,,,,60,,80,,,,11450,,9850,,,
1970,2,42,,100,4.54,1,0,1,100,1,53,3,30,10050,1,,,2,,,53,,,51,,,3,,,6,,,30,,,60,,,10050,,,0,,
1970,2,42,,100,4.54,1,0,2,100,2,51,6,60,0,1,,,1,,,53,,,53,,,3,,,3,,,30,,,30,,,10050,,,10050,,
1970,2,42,,100,4.54,1,0,3,100,2,14,2,26,0,1,2,1,,,,53,51,53,,,,3,6,3,,,,30,60,30,,,,10050,0,10050,,,
1970,2,43,,100,4.54,1,0,1,100,1,41,11,111,32050,1,,,2,,,41,,,40,,,11,,,11,,,111,,,111,,,32050,,,250,,
1970,2,43,,100,4.54,1,0,2,100,2,40,11,111,250,1,,,1,,,41,,,41,,,11,,,11,,,111,,,111,,,32050,,,32050,,
1970,2,43,,100,4.54,1,0,3,100,2,10,1,17,9999999,1,2,1,,,,41,40,41,,,,11,11,11,,,,111,111,111,,,,32050,250,32050,,,
1970,2,43,,100,4.54,1,0,4,100,2,6,1,12,9999999,1,2,1,,,,41,40,41,,,,11,11,11,,,,111,111,111,,,,32050,250,32050,,,
1970,2,44,,100,4.54,1,0,1,100,1,47,2,26,14050,1,,,2,,,47,,,44,,,2,,,2,,,26,,,26,,,14050,,,0,,
1970,2,44,,100,4.54,1,0,2,100,2,44,2,26,0,1,,,1,,,47,,,47,,,2,,,2,,,26,,,26,,,14050,,,14050,,
1970,2,44,,100,4.54,1,0,3,100,2,21,8,80,2050,1,2,1,,,,47,44,47,,,,2,2,2,,,,26,26,26,,,,14050,0,14050,,,
1970,2,44,,100,4.54,1,0,4,100,1,18,5,50,1750,1,2,1,,,,47,44,47,,,,2,2,2,,,,26,26,26,,,,14050,0,14050,,,
1970,2,44,,100,4.54,1,0,5,100,1,4,0,2,9999999,1,2,1,,,,47,44,47,,,,2,2,2,,,,26,26,26,,,,14050,0,14050,,,
1970,2,45,,100,4.54,1,0,1,100,1,60,8,80,16550,1,,,2,,,60,,,50,,,8,,,6,,,80,,,60,,,16550,,,2950,,
1970,2,45,,100,4.54,1,0,2,100,2,50,6,60,2950,1,,,1,,,60,,,60,,,8,,,8,,,80,,,80,,,16550,,,16550,,
1970,2,46,,100,4.54,1,0,1,100,1,47,10,100,16250,1,2,,,,,47,83,,,,,10,2,,,,,100,22,,,,,16250,1250,,,,
1970,2,46,,100,4.54,1,0,2,100,2,83,2,22,1250,1,,,,,,47,,,,,,10,,,,,,100,,,,,,16250,,,,,
1970,2,46,,100,4.54,1,0,3,100,2,83,2,22,1450,1,,,,,,47,,,,,,10,,,,,,100,,,,,,16250,,,,,
1970,2,48,,100,4.54,1,0,1,100,1,49,6,60,8850,1,2,,2,,,49,89,,48,,,6,2,,6,,,60,26,,60,,,8850,450,,6050,,
1970,2,48,,100,4.54,1,0,2,100,2,48,6,60,6050,1,,,1,,,49,,,49,,,6,,,6,,,60,,,60,,,8850,,,8850,,
1970,2,48,,100,4.54,1,0,3,100,2,89,2,26,450,1,,,,,,49,,,,,,6,,,,,,60,,,,,,8850,,,,,
1970,2,49,,100,4.54,1,0,1,100,1,30,10,100,12050,1,,,2,,,30,,,30,,,10,,,10,,,100,,,100,,,12050,,,5650,,
1970,2,49,,100,4.54,1,0,2,100,2,30,10,100,5650,1,,,1,,,30,,,30,,,10,,,10,,,100,,,100,,,12050,,,12050,,
1970,2,49,,100,4.54,1,0,3,100,1,3,0,2,9999999,1,2,1,,,,30,30,30,,,,10,10,10,,,,100,100,100,,,,12050,5650,12050,,,
1970,2,49,,100,4.54,1,0,4,100,1,0,0,1,9999999,1,2,1,,,,30,30,30,,,,10,10,10,,,,100,100,100,,,,12050,5650,12050,,,
1970,2,50,,100,4.54,1,0,1,100,1,54,8,80,10150,1,,,,,,54,,,,,,8,,,,,,80,,,,,,10150,,,,,
1970,2,51,,100,4.54,1,0,1,100,2,64,10,100,8650,2,,,,,,64,,,,,,10,,,,,,100,,,,,,8650,,,,,
1970,2,52,,100,4.54,1,0,1,100,2,37,7,70,11350,2,,,,,,37,,,,,,7,,,,,,70,,,,,,11350,,,,,
1970,2,52,,100,4.54,1,0,2,100,2,6,1,12,9999999,2,2,,,,,37,37,,,,,7,7,,,,,70,70,,,,,11350,11350,,,,
1970,2,53,,100,4.54,1,0,1,100,2,34,6,60,8050,2,,,,,,34,,,,,,6,,,,,,60,,,,,,8050,,,,,
1970,2,53,,100,4.54,1,0,2,100,1,11,2,22,9999999,2,2,,,,,34,34,,,,,6,6,,,,,60,60,,,,,8050,8050,,,,
1970,2,53,,100,4.54,1,0,3,100,2,9,1,15,9999999,2,2,,,,,34,34,,,,,6,6,,,,,60,60,,,,,8050,8050,,,,
1970,2,54,,100,4.54,1,0,1,100,1,48,0,2,0,1,,,2,,,48,,,51,,,0,,,2,,,2,,,26,,,0,,,0,,
1970,2,54,,100,4.54,1,0,2,100,2,51,2,26,0,1,,,1,,,48,,,48,,,0,,,0,,,2,,,2,,,0,,,0,,
1970,2,55,,100,4.54,1,0,1,100,2,27,2,25,150,2,,,,,,27,,,,,,2,,,,,,25,,,,,,150,,,,,
1970,2,55,,100,4.54,1,0,2,100,2,12,2,23,9999999,2,2,,,,,27,27,,,,,2,2,,,,,25,25,,,,,150,150,,,,
1970,2,55,,100,4.54,1,0,3,100,2,7,1,14,9999999,2,2,,,,,27,27,,,,,2,2,,,,,25,25,,,,,150,150,,,,
1970,2,55,,100,4.54,1,0,4,100,2,6,1,12,9999999,2,2,,,,,27,27,,,,,2,2,,,,,25,25,,,,,150,150,,,,
1970,2,55,,100,4.54,1,0,5,100,2,5,1,11,9999999,2,2,,,,,27,27,,,,,2,2,,,,,25,25,,,,,150,150,,,,
1970,2,56,,100,4.54,1,0,1,100,1,58,2,22,8050,1,,,2,,,58,,,52,,,2,,,6,,,22,,,60,,,8050,,,0,,
1970,2,56,,100,4.54,1,0,2,100,2,52,6,60,0,1,,,1,,,58,,,58,,,2,,,2,,,22,,,22,,,8050,,,8050,,
1970,2,56,,100,4.54,1,0,3,100,2,23,9,90,0,1,2,1,,,,58,52,58,,,,2,6,2,,,,22,60,22,,,,8050,0,8050,,,
1970,2,57,,100,4.54,1,0,1,100,1,32,2,26,7050,1,,,2,,,32,,,32,,,2,,,5,,,26,,,50,,,7050,,,5050,,
1970,2,57,,100,4.54,1,0,2,100,2,32,5,50,5050,1,,,1,,,32,,,32,,,2,,,2,,,26,,,26,,,7050,,,7050,,
1970,2,57,,100,4.54,1,0,3,100,2,5,0,2,9999999,1,2,1,,,,32,32,32,,,,2,5,2,,,,26,50,26,,,,7050,5050,7050,,,
1970,2,57,,100,4.54,1,0,4,100,2,3,0,2,9999999,1,2,1,,,,32,32,32,,,,2,5,2,,,,26,50,26,,,,7050,5050,7050,,,
1970,2,57,,100,4.54,1,0,5,100,2,13,2,23,9999999,1,2,1,,,,32,32,32,,,,2,5,2,,,,26,50,26,,,,7050,5050,7050,,,
1970,2,57,,100,4.54,1,0,6,100,1,10,1,17,9999999,1,2,1,,,,32,32,32,,,,2,5,2,,,,26,50,26,,,,7050,5050,7050,,,
1970,2,57,,100,4.54,1,0,7,100,2,9,1,16,9999999,1,2,1,,,,32,32,32,,,,2,5,2,,,,26,50,26,,,,7050,5050,7050,,,
1970,2,57,,100,4.54,1,0,8,100,2,8,1,15,9999999,1,2,1,,,,32,32,32,,,,2,5,2,,,,26,50,26,,,,7050,5050,7050,,,
1970,2,57,,100,4.54,1,0,9,100,1,6,1,12,9999999,1,2,1,,,,32,32,32,,,,2,5,2,,,,26,50,26,,,,7050,5050,7050,,,
1970,2,58,,100,4.54,1,0,1,100,1,24,11,110,1350,1,,,2,,,24,,,25,,,11,,,11,,,110,,,110,,,1350,,,8150,,
1970,2,58,,100,4.54,1,0,2,100,2,25,11,110,8150,1,,,1,,,24,,,24,,,11,,,11,,,110,,,110,,,1350,,,1350,,
1970,2,58,,100,4.54,1,0,3,100,1,1,0,1,9999999,1,2,1,,,,24,25,24,,,,11,11,11,,,,110,110,110,,,,1350,8150,1350,,,
1970,2,59,,100,4.54,1,0,1,100,1,34,5,50,14150,1,,,2,,,34,,,31,,,5,,,6,,,50,,,60,,,14150,,,5050,,
1970,2,59,,100,4.54,1,0,2,100,2,31,6,60,5050,1,,,1,,,34,,,34,,,5,,,5,,,50,,,50,,,14150,,,14150,,
1970,2,59,,100,4.54,1,0,3,100,2,12,2,22,9999999,1,2,1,,,,34,31,34,,,,5,6,5,,,,50,60,50,,,,14150,5050,14150,,,
1970,2,59,,100,4.54,1,0,4,100,1,11,2,22,9999999,1,2,1,,,,34,31,34,,,,5,6,5,,,,50,60,50,,,,14150,5050,14150,,,
1970,2,59,,100,4.54,1,0,5,100,2,10,1,17,9999999,1,2,1,,,,34,31,34,,,,5,6,5,,,,50,60,50,,,,14150,5050,14150,,,
1970,2,59,,100,4.54,1,0,6,100,1,6,1,12,9999999,1,2,1,,,,34,31,34,,,,5,6,5,,,,50,60,50,,,,14150,5050,14150,,,
1970,2,60,,100,4.54,1,0,1,100,1,35,10,100,14050,1,,,,,,35,,,,,,10,,,,,,100,,,,,,14050,,,,,
1970,2,62,,100,4.54,1,0,1,100,1,53,6,60,10650,1,,,2,,,53,,,49,,,6,,,6,,,60,,,60,,,10650,,,6650,,
1970,2,62,,100,4.54,1,0,2,100,2,49,6,60,6650,1,,,1,,,53,,,53,,,6,,,6,,,60,,,60,,,10650,,,10650,,
1970,2,63,,100,4.54,1,0,1,100,1,78,2,26,1250,1,,,,,,78,,,,,,2,,,,,,26,,,,,,1250,,,,,
1970,2,63,,100,4.54,1,0,2,100,2,38,7,70,7050,1,,1,,,,78,,78,,,,2,,2,,,,26,,26,,,,1250,,1250,,,
1970,2,64,,100,4.54,1,0,1,100,1,37,6,60,7050,1,,,2,,,37,,,36,,,6,,,6,,,60,,,60,,,7050,,,0,,
1970,2,64,,100,4.54,1,0,2,100,2,36,6,60,0,1,,,1,,,37,,,37,,,6,,,6,,,60,,,60,,,7050,,,7050,,
1970,2,64,,100,4.54,1,0,3,100,1,13,2,25,9999999,1,2,1,,,,37,36,37,,,,6,6,6,,,,60,60,60,,,,7050,0,7050,,,
1970,2,64,,100,4.54,1,0,4,100,1,12,2,22,9999999,1,2,1,,,,37,36,37,,,,6,6,6,,,,60,60,60,,,,7050,0,7050,,,
1970,2,64,,100,4.54,1,0,5,100,1,5,0,2,9999999,1,2,1,,,,37,36,37,,,,6,6,6,,,,60,60,60,,,,7050,0,7050,,,
1970,2,65,,100,4.54,1,0,1,100,2,33,8,80,8050,2,,,,,,33,,,,,,8,,,,,,80,,,,,,8050,,,,,
1970,2,66,,100,4.54,1,0,1,100,1,25,4,40,8050,1,,,2,,,25,,,23,,,4,,,6,,,40,,,60,,,8050,,,6050,,
1970,2,66,,100,4.54,1,0,2,100,2,23,6,60,6050,1,,,1,,,25,,,25,,,4,,,4,,,40,,,40,,,8050,,,8050,,
1970,2,66,,100,4.54,1,0,3,100,2,4,1,11,9999999,1,2,1,,,,25,23,25,,,,4,6,4,,,,40,60,40,,,,8050,6050,8050,,,
1970,2,66,,100,4.54,1,0,4,100,1,2,0,1,9999999,1,2,1,,,,25,23,25,,,,4,6,4,,,,40,60,40,,,,8050,6050,8050,,,
1970,2,68,,100,4.54,1,0,1,100,1,40,5,50,3850,1,,,2,,,40,,,34,,,5,,,10,,,50,,,100,,,3850,,,850,,
1970,2,68,,100,4.54,1,0,2,100,2,34,10,100,850,1,,,1,,,40,,,40,,,5,,,5,,,50,,,50,,,3850,,,3850,,
1970,2,68,,100,4.54,1,0,3,100,1,1,0,1,9999999,1,2,1,,,,40,34,40,,,,5,10,5,,,,50,100,50,,,,3850,850,3850,,,
1970,2,68,,100,4.54,1,0,4,100,2,0,0,1,9999999,1,2,1,,,,40,34,40,,,,5,10,5,,,,50,100,50,,,,3850,850,3850,,,
1970,2,68,,100,4.54,1,0,5,100,2,5,1,11,9999999,1,2,1,,,,40,34,40,,,,5,10,5,,,,50,100,50,,,,3850,850,3850,,,
1970,2,69,,100,4.54,1,0,1,100,2,35,4,40,3850,2,,,,,,35,,,,,,4,,,,,,40,,,,,,3850,,,,,
1970,2,69,,100,4.54,1,0,2,100,2,8,1,15,9999999,2,2,,,,,35,35,,,,,4,4,,,,,40,40,,,,,3850,3850,,,,
1970,2,69,,100,4.54,1,0,3,100,2,7,1,15,9999999,2,2,,,,,35,35,,,,,4,4,,,,,40,40,,,,,3850,3850,,,,
1970,2,69,,100,4.54,1,0,4,100,2,6,1,14,9999999,2,2,,,,,35,35,,,,,4,4,,,,,40,40,,,,,3850,3850,,,,
1970,2,69,,100,4.54,1,0,5,100,2,2,0,1,9999999,2,2,,,,,35,35,,,,,4,4,,,,,40,40,,,,,3850,3850,,,,
1970,2,69,,100,4.54,1,0,6,100,1,13,2,23,9999999,2,2,,,,,35,35,,,,,4,4,,,,,40,40,,,,,3850,3850,,,,
1970,2,70,,100,4.54,1,0,1,100,1,29,2,26,1750,1,,,,,,29,,,,,,2,,,,,,26,,,,,,1750,,,,,
1970,2,71,,100,4.54,1,0,1,100,1,35,7,70,12050,1,,,,,,35,,,,,,7,,,,,,70,,,,,,12050,,,,,
1970,2,71,,100,4.54,1,0,2,100,2,31,10,100,5450,1,,,,,,35,,,,,,7,,,,,,70,,,,,,12050,,,,,
1970,2,72,,100,4.54,1,0,1,100,2,52,4,40,1550,2,,,,,,52,,,,,,4,,,,,,40,,,,,,1550,,,,,
1970,2,72,,100,4.54,1,0,2,100,2,26,5,50,2450,2,2,,,,,52,52,,,,,4,4,,,,,40,40,,,,,1550,1550,,,,
1970,2,72,,100,4.54,1,0,3,100,2,6,1,14,9999999,2,2,,,,,52,52,,,,,4,4,,,,,40,40,,,,,1550,1550,,,,
1970,2,72,,100,4.54,1,0,4,100,2,2,0,1,9999999,2,2,,,,,52,52,,,,,4,4,,,,,40,40,,,,,1550,1550,,,,
1970,2,72,,100,4.54,1,0,5,100,1,1,0,1,9999999,2,2,,,,,52,52,,,,,4,4,,,,,40,40,,,,,1550,1550,,,,
1970,2,74,,100,4.54,1,0,1,100,2,33,6,60,10050,2,,,,,,33,,,,,,6,,,,,,60,,,,,,10050,,,,,
1970,2,74,,100,4.54,1,0,2,100,1,13,2,22,9999999,2,2,,,,,33,33,,,,,6,6,,,,,60,60,,,,,10050,10050,,,,
1970,2,74,,100,4.54,1,0,3,100,1,11,1,17,9999999,2,2,,,,,33,33,,,,,6,6,,,,,60,60,,,,,10050,10050,,,,
1970,2,75,,100,4.54,1,0,1,100,2,26,9,90,10550,2,,,,,,26,,,,,,9,,,,,,90,,,,,,10550,,,,,
1970,2,76,,100,4.54,1,0,1,100,1,35,11,111,17250,1,,,,,,35,,,,,,11,,,,,,111,,,,,,17250,,,,,
1970,2,77,,100,4.54,1,0,1,100,1,49,6,60,11050,1,,,2,,,49,,,49,,,6,,,6,,,60,,,60,,,11050,,,0,,
1970,2,77,,100,4.54,1,0,2,100,2,49,6,60,0,1,,,1,,,49,,,49,,,6,,,6,,,60,,,60,,,11050,,,11050,,
1970,2,77,,100,4.54,1,0,3,100,2,16,4,40,3550,1,2,1,,,,49,49,49,,,,6,6,6,,,,60,60,60,,,,11050,0,11050,,,
1970,2,77,,100,4.54,1,0,4,100,1,12,2,23,9999999,1,2,1,,,,49,49,49,,,,6,6,6,,,,60,60,60,,,,11050,0,11050,,,
1970,2,77,,100,4.54,1,0,5,100,2,20,6,60,6050,1,2,1,,,,49,49,49,,,,6,6,6,,,,60,60,60,,,,11050,0,11050,,,
1970,2,78,,100,4.54,1,0,1,100,1,72,2,26,2050,1,,,2,,,72,,,65,,,2,,,2,,,26,,,26,,,2050,,,750,,
1970,2,78,,100,4.54,1,0,2,100,2,65,2,26,750,1,,,1,,,72,,,72,,,2,,,2,,,26,,,26,,,2050,,,2050,,
1970,2,79,,100,4.54,1,0,1,100,1,37,6,60,7550,1,,,2,,,37,,,35,,,6,,,9,,,60,,,90,,,7550,,,5550,,
1970,2,79,,100,4.54,1,0,2,100,2,35,9,90,5550,1,,,1,,,37,,,37,,,6,,,6,,,60,,,60,,,7550,,,7550,,
1970,2,80,,100,4.54,1,0,1,100,1,44,6,60,6050,1,,,2,,,44,,,45,,,6,,,6,,,60,,,60,,,6050,,,0,,
1970,2,80,,100,4.54,1,0,2,100,2,45,6,60,0,1,,,1,,,44,,,44,,,6,,,6,,,60,,,60,,,6050,,,6050,,
1970,2,80,,100,4.54,1,0,3,100,1,25,6,60,5050,1,2,1,,,,44,45,44,,,,6,6,6,,,,60,60,60,,,,6050,0,6050,,,
1970,2,81,,100,4.54,1,0,1,100,1,35,2,22,4050,1,,,2,,,35,,,31,,,2,,,2,,,22,,,23,,,4050,,,0,,
1970,2,81,,100,4.54,1,0,2,100,2,31,2,23,0,1,,,1,,,35,,,35,,,2,,,2,,,22,,,22,,,4050,,,4050,,
1970,2,81,,100,4.54,1,0,3,100,2,13,2,23,9999999,1,2,1,,,,35,31,35,,,,2,2,2,,,,22,23,22,,,,4050,0,4050,,,
1970,2,81,,100,4.54,1,0,4,100,2,4,0,2,9999999,1,2,1,,,,35,31,35,,,,2,2,2,,,,22,23,22,,,,4050,0,4050,,,
1970,2,81,,100,4.54,1,0,5,100,2,1,0,1,9999999,1,2,1,,,,35,31,35,,,,2,2,2,,,,22,23,22,,,,4050,0,4050,,,
1970,2,82,,100,4.54,1,0,1,100,1,45,6,60,10050,1,,,2,,,45,,,46,,,6,,,7,,,60,,,70,,,10050,,,4050,,
1970,2,82,,100,4.54,1,0,2,100,2,46,7,70,4050,1,,,1,,,45,,,45,,,6,,,6,,,60,,,60,,,10050,,,10050,,
1970,2,82,,100,4.54,1,0,3,100,1,19,6,60,2050,1,2,1,,,,45,46,45,,,,6,7,6,,,,60,70,60,,,,10050,4050,10050,,,
1970,2,82,,100,4.54,1,0,4,100,2,13,2,23,9999999,1,2,1,,,,45,46,45,,,,6,7,6,,,,60,70,60,,,,10050,4050,10050,,,
1970,2,83,,100,4.54,1,0,1,100,1,58,2,26,9650,1,,,2,,,58,,,59,,,2,,,4,,,26,,,40,,,9650,,,0,,
1970,2,83,,100,4.54,1,0,2,100,2,59,4,40,0,1,,,1,,,58,,,58,,,2,,,2,,,26,,,26,,,9650,,,9650,,
1970,2,83,,100,4.54,1,0,3,100,1,23,10,100,2050,1,2,1,,,,58,59,58,,,,2,4,2,,,,26,40,26,,,,9650,0,9650,,,
1970,2,84,,100,4.54,1,0,1,100,1,68,2,26,5050,1,,,,,,68,,,,,,2,,,,,,26,,,,,,5050,,,,,
1970,2,85,,100,4.54,1,0,1,100,1,40,2,22,8050,1,,,2,,,40,,,35,,,2,,,1,,,22,,,17,,,8050,,,0,,
1970,2,85,,100,4.54,1,0,2,100,2,35,1,17,0,1,,,1,,,40,,,40,,,2,,,2,,,22,,,22,,,8050,,,8050,,
1970,2,85,,100,4.54,1,0,3,100,2,1,0,1,9999999,1,2,1,,,,40,35,40,,,,2,1,2,,,,22,17,22,,,,8050,0,8050,,,
1970,2,85,,100,4.54,1,0,4,100,1,0,0,1,9999999,1,2,1,,,,40,35,40,,,,2,1,2,,,,22,17,22,,,,8050,0,8050,,,
1970,2,86,,100,4.54,1,0,1,100,1,56,2,23,7950,1,,,,,,56,,,,,,2,,,,,,23,,,,,,7950,,,,,
1970,2,86,,100,4.54,1,0,2,100,2,82,2,26,1150,1,,1,,,,56,,56,,,,2,,2,,,,23,,23,,,,7950,,7950,,,
1970,2,87,,100,4.54,1,0,1,100,1,28,6,60,12150,1,,,2,,,28,,,28,,,6,,,6,,,60,,,60,,,12150,,,0,,
1970,2,87,,100,4.54,1,0,2,100,2,28,6,60,0,1,,,1,,,28,,,28,,,6,,,6,,,60,,,60,,,12150,,,12150,,
1970,2,87,,100,4.54,1,0,3,100,1,1,0,1,9999999,1,2,1,,,,28,28,28,,,,6,6,6,,,,60,60,60,,,,12150,0,12150,,,
1970,2,88,,100,4.54,1,0,1,100,2,70,2,26,3550,2,,,,,,70,,,,,,2,,,,,,26,,,,,,3550,,,,,
1970,2,89,,100,4.54,1,0,1,100,1,54,2,26,7150,1,,,2,,,54,,,55,,,2,,,4,,,26,,,40,,,7150,,,0,,
1970,2,89,,100,4.54,1,0,2,100,2,55,4,40,0,1,,,1,,,54,,,54,,,2,,,2,,,26,,,26,,,7150,,,7150,,
1970,2,90,,100,4.54,1,0,1,100,2,42,6,60,0,2,,,,,,42,,,,,,6,,,,,,60,,,,,,0,,,,,
1970,2,90,,100,4.54,1,0,2,100,1,14,2,26,0,2,2,,,,,42,42,,,,,6,6,,,,,60,60,,,,,0,0,,,,
1970,2,90,,100,4.54,1,0,3,100,1,13,2,23,9999999,2,2,,,,,42,42,,,,,6,6,,,,,60,60,,,,,0,0,,,,
1970,2,90,,100,4.54,1,0,4,100,1,11,2,22,9999999,2,2,,,,,42,42,,,,,6,6,,,,,60,60,,,,,0,0,,,,
1970,2,90,,100,4.54,1,0,5,100,2,8,1,14,9999999,2,2,,,,,42,42,,,,,6,6,,,,,60,60,,,,,0,0,,,,
1970,2,91,,100,4.54,1,0,1,100,2,36,6,60,3250,2,,,,,,36,,,,,,6,,,,,,60,,,,,,3250,,,,,
1970,2,92,,100,4.54,1,0,1,100,1,42,4,40,6250,1,,,2,,,42,,,33,,,4,,,4,,,40,,,40,,,6250,,,750,,
1970,2,92,,100,4.54,1,0,2,100,2,33,4,40,750,1,,,1,,,42,,,42,,,4,,,4,,,40,,,40,,,6250,,,6250,,
1970,2,92,,100,4.54,1,0,3,100,2,13,2,25,9999999,1,2,1,,,,42,33,42,,,,4,4,4,,,,40,40,40,,,,6250,750,6250,,,
1970,2,92,,100,4.54,1,0,4,100,1,12,1,17,9999999,1,2,1,,,,42,33,42,,,,4,4,4,,,,40,40,40,,,,6250,750,6250,,,
1970,2,92,,100,4.54,1,0,5,100,1,10,1,15,9999999,1,2,1,,,,42,33,42,,,,4,4,4,,,,40,40,40,,,,6250,750,6250,,,
1970,2,92,,100,4.54,1,0,6,100,2,6,1,12,9999999,1,2,1,,,,42,33,42,,,,4,4,4,,,,40,40,40,,,,6250,750,6250,,,
1970,2,92,,100,4.54,1,0,7,100,2,95,2,23,1750,1,2,1,,,,42,33,42,,,,4,4,4,,,,40,40,40,,,,6250,750,6250,,,
1970,2,93,,100,4.54,1,0,1,100,1,35,10,100,12050,1,,,2,,,35,,,31,,,10,,,6,,,100,,,60,,,12050,,,3250,,
1970,2,93,,100,4.54,1,0,2,100,2,31,6,60,3250,1,,,1,,,35,,,35,,,10,,,10,,,100,,,100,,,12050,,,12050,,
1970,2,93,,100,4.54,1,0,3,100,1,14,2,26,0,1,2,1,,,,35,31,35,,,,10,6,10,,,,100,60,100,,,,12050,3250,12050,,,
1970,2,93,,100,4.54,1,0,4,100,2,12,2,23,9999999,1,2,1,,,,35,31,35,,,,10,6,10,,,,100,60,100,,,,12050,3250,12050,,,
1970,2,93,,100,4.54,1,0,5,100,2,10,1,16,9999999,1,2,1,,,,35,31,35,,,,10,6,10,,,,100,60,100,,,,12050,3250,12050,,,
1970,2,94,,100,4.54,1,0,1,100,2,72,9,90,6350,2,,,,,,72,,,,,,9,,,,,,90,,,,,,6350,,,,,
1970,2,94,,100,4.54,1,0,2,100,2,32,11,111,8650,2,2,,,,,72,72,,,,,9,9,,,,,90,90,,,,,6350,6350,,,,
1970,2,94,,100,4.54,1,0,3,100,2,42,6,60,7050,2,2,,,,,72,72,,,,,9,9,,,,,90,90,,,,,6350,6350,,,,
1970,2,95,,100,4.54,1,0,1,100,1,50,5,50,16150,1,,,2,,,50,,,48,,,5,,,6,,,50,,,60,,,16150,,,50,,
1970,2,95,,100,4.54,1,0,2,100,2,48,6,60,50,1,,,1,,,50,,,50,,,5,,,5,,,50,,,50,,,16150,,,16150,,
1970,2,95,,100,4.54,1,0,3,100,2,15,3,30,0,1,2,1,,,,50,48,50,,,,5,6,5,,,,50,60,50,,,,16150,50,16150,,,
1970,2,95,,100,4.54,1,0,4,100,1,13,2,23,9999999,1,2,1,,,,50,48,50,,,,5,6,5,,,,50,60,50,,,,16150,50,16150,,,
1970,2,96,,100,4.54,1,0,1,100,1,21,4,40,12050,1,,,2,,,21,,,19,,,4,,,6,,,40,,,60,,,12050,,,12050,,
1970,2,96,,100,4.54,1,0,2,100,2,19,6,60,12050,1,,,1,,,21,,,21,,,4,,,4,,,40,,,40,,,12050,,,12050,,
1970,2,97,,100,4.54,1,0,1,100,1,66,4,40,7150,1,,,2,,,66,,,64,,,4,,,2,,,40,,,23,,,7150,,,550,,
1970,2,97,,100,4.54,1,0,2,100,2,64,2,23,550,1,,,1,,,66,,,66,,,4,,,4,,,40,,,40,,,7150,,,7150,,
1970,2,98,,100,4.54,1,0,1,100,1,56,6,60,11050,1,,,2,,,56,,,53,,,6,,,6,,,60,,,60,,,11050,,,0,,
1970,2,98,,100,4.54,1,0,2,100,2,53,6,60,0,1,,,1,,,56,,,56,,,6,,,6,,,60,,,60,,,11050,,,11050,,
1970,2,98,,100,4.54,1,0,3,100,1,29,7,70,5050,1,2,1,,,,56,53,56,,,,6,6,6,,,,60,60,60,,,,11050,0,11050,,,
1970,2,98,,100,4.54,1,0,4,100,1,18,5,50,0,1,2,1,,,,56,53,56,,,,6,6,6,,,,60,60,60,,,,11050,0,11050,,,
1970,2,99,,100,4.54,1,0,1,100,1,51,8,80,12050,1,,,2,,,51,,,55,,,8,,,4,,,80,,,40,,,12050,,,0,,
1970,2,99,,100,4.54,1,0,2,100,2,55,4,40,0,1,,,1,,,51,,,51,,,8,,,8,,,80,,,80,,,12050,,,12050,,
1970,2,99,,100,4.54,1,0,3,100,2,11,2,22,9999999,1,2,1,,,,51,55,51,,,,8,4,8,,,,80,40,80,,,,12050,0,12050,,,
1970,2,100,,100,4.54,1,0,1,100,2,56,4,40,6250,2,,,,,,56,,,,,,4,,,,,,40,,,,,,6250,,,,,
1970,2,101,,100,4.54,1,0,1,100,1,42,9,90,21850,1,,,2,,,42,,,39,,,9,,,6,,,90,,,60,,,21850,,,650,,
1970,2,101,,100,4.54,1,0,2,100,2,39,6,60,650,1,,,1,,,42,,,42,,,9,,,9,,,90,,,90,,,21850,,,21850,,
1970,2,101,,100,4.54,1,0,3,100,1,18,5,50,650,1,2,1,,,,42,39,42,,,,9,6,9,,,,90,60,90,,,,21850,650,21850,,,
1970,2,101,,100,4.54,1,0,4,100,2,11,2,22,9999999,1,2,1,,,,42,39,42,,,,9,6,9,,,,90,60,90,,,,21850,650,21850,,,
1970,2,102,,100,4.54,1,0,1,100,1,49,6,60,19150,1,,,2,,,49,,,46,,,6,,,6,,,60,,,60,,,19150,,,0,,
1970,2,102,,100,4.54,1,0,2,100,2,46,6,60,0,1,,,1,,,49,,,49,,,6,,,6,,,60,,,60,,,19150,,,19150,,
1970,2,102,,100,4.54,1,0,3,100,2,9,1,16,9999999,1,2,1,,,,49,46,49,,,,6,6,6,,,,60,60,60,,,,19150,0,19150,,,
1970,2,102,,100,4.54,1,0,4,100,1,6,1,12,9999999,1,2,1,,,,49,46,49,,,,6,6,6,,,,60,60,60,,,,19150,0,19150,,,
1970,2,102,,100,4.54,1,0,5,100,1,17,5,50,2050,1,2,1,,,,49,46,49,,,,6,6,6,,,,60,60,60,,,,19150,0,19150,,,
1970,2,102,,100,4.54,1,0,6,100,1,16,3,30,1450,1,2,1,,,,49,46,49,,,,6,6,6,,,,60,60,60,,,,19150,0,19150,,,
1970,2,102,,100,4.54,1,0,7,100,1,16,3,30,1450,1,2,1,,,,49,46,49,,,,6,6,6,,,,60,60,60,,,,19150,0,19150,,,
1970,2,102,,100,4.54,1,0,8,100,2,11,2,22,9999999,1,2,1,,,,49,46,49,,,,6,6,6,,,,60,60,60,,,,19150,0,19150,,,
1970,2,103,,100,4.54,1,0,1,100,1,59,7,70,8850,1,,,,,,59,,,,,,7,,,,,,70,,,,,,8850,,,,,
1970,2,103,,100,4.54,1,0,2,100,2,69,6,60,450,1,,,,,,59,,,,,,7,,,,,,70,,,,,,8850,,,,,
1970,2,104,,100,4.54,1,0,1,100,1,59,5,50,6750,1,,,2,,,59,,,59,,,5,,,2,,,50,,,26,,,6750,,,4850,,
1970,2,104,,100,4.54,1,0,2,100,2,59,2,26,4850,1,,,1,,,59,,,59,,,5,,,5,,,50,,,50,,,6750,,,6750,,
1970,2,104,,100,4.54,1,0,3,100,1,20,6,60,1650,1,2,1,,,,59,59,59,,,,5,2,5,,,,50,26,50,,,,6750,4850,6750,,,
1970,2,105,,100,4.54,1,0,1,100,2,55,7,70,9450,2,,,,,,55,,,,,,7,,,,,,70,,,,,,9450,,,,,
1970,2,106,,100,4.54,1,0,1,100,1,63,2,23,7950,1,,,2,,,63,,,57,,,2,,,4,,,23,,,40,,,7950,,,4650,,
1970,2,106,,100,4.54,1,0,2,100,2,57,4,40,4650,1,,,1,,,63,,,63,,,2,,,2,,,23,,,23,,,7950,,,7950,,
1970,2,106,,100,4.54,1,0,3,100,1,21,8,80,1450,1,2,1,,,,63,57,63,,,,2,4,2,,,,23,40,23,,,,7950,4650,7950,,,
1970,2,107,,100,4.54,1,0,1,100,1,40,3,30,18650,1,,,2,,,40,,,37,,,3,,,6,,,30,,,60,,,18650,,,0,,
1970,2,107,,100,4.54,1,0,2,100,2,37,6,60,0,1,,,1,,,40,,,40,,,3,,,3,,,30,,,30,,,18650,,,18650,,
1970,2,107,,100,4.54,1,0,3,100,1,14,2,26,0,1,2,1,,,,40,37,40,,,,3,6,3,,,,30,60,30,,,,18650,0,18650,,,
1970,2,107,,100,4.54,1,0,4,100,1,8,1,15,9999999,1,2,1,,,,40,37,40,,,,3,6,3,,,,30,60,30,,,,18650,0,18650,,,
1970,2,108,,100,4.54,1,0,1,100,1,36,6,65,4050,1,,,2,,,36,,,36,,,6,,,2,,,65,,,26,,,4050,,,1550,,
1970,2,108,,100,4.54,1,0,2,100,2,36,2,26,1550,1,,,1,,,36,,,36,,,6,,,6,,,65,,,65,,,4050,,,4050,,
1970,2,108,,100,4.54,1,0,3,100,2,17,5,50,950,1,2,1,,,,36,36,36,,,,6,2,6,,,,65,26,65,,,,4050,1550,4050,,,
1970,2,108,,100,4.54,1,0,4,100,2,14,2,26,0,1,2,1,,,,36,36,36,,,,6,2,6,,,,65,26,65,,,,4050,1550,4050,,,
1970,2,108,,100,4.54,1,0,5,100,1,10,1,17,9999999,1,2,1,,,,36,36,36,,,,6,2,6,,,,65,26,65,,,,4050,1550,4050,,,
1970,2,108,,100,4.54,1,0,6,100,2,8,1,15,9999999,1,2,1,,,,36,36,36,,,,6,2,6,,,,65,26,65,,,,4050,1550,4050,,,
1970,2,109,,100,4.54,1,0,1,100,1,37,10,100,1550,1,,,,,,37,,,,,,10,,,,,,100,,,,,,1550,,,,,
1970,2,109,,100,4.54,1,0,2,100,1,48,10,100,11050,1,,,,,,37,,,,,,10,,,,,,100,,,,,,1550,,,,,
1970,2,110,,100,4.54,1,0,1,100,2,78,6,60,3950,2,,,,,,78,,,,,,6,,,,,,60,,,,,,3950,,,,,
1970,2,111,,100,4.54,1,0,1,100,1,32,4,40,6050,1,,,,,,32,,,,,,4,,,,,,40,,,,,,6050,,,,,
1970,2,112,,100,4.54,1,0,1,100,2,63,2,25,250,2,,,,,,63,,,,,,2,,,,,,25,,,,,,250,,,,,
1970,2,113,,100,4.54,1,0,1,100,1,42,5,50,10050,1,,,2,,,42,,,34,,,5,,,6,,,50,,,60,,,10050,,,550,,
1970,2,113,,100,4.54,1,0,2,100,2,34,6,60,550,1,,,1,,,42,,,42,,,5,,,5,,,50,,,50,,,10050,,,10050,,
1970,2,113,,100,4.54,1,0,3,100,1,13,2,23,9999999,1,2,1,,,,42,34,42,,,,5,6,5,,,,50,60,50,,,,10050,550,10050,,,
1970,2,113,,100,4.54,1,0,4,100,1,12,2,22,9999999,1,2,1,,,,42,34,42,,,,5,6,5,,,,50,60,50,,,,10050,550,10050,,,
1970,2,113,,100,4.54,1,0,5,100,2,11,1,17,9999999,1,2,1,,,,42,34,42,,,,5,6,5,,,,50,60,50,,,,10050,550,10050,,,
1970,2,114,,100,4.54,1,0,1,100,1,82,2,26,0,1,,,2,,,82,,,75,,,2,,,2,,,26,,,26,,,0,,,1450,,
1970,2,114,,100,4.54,1,0,2,100,2,75,2,26,1450,1,,,1,,,82,,,82,,,2,,,2,,,26,,,26,,,0,,,0,,
1970,2,114,,100,4.54,1,0,3,100,1,47,0,2,0,1,2,1,,,,82,75,82,,,,2,2,2,,,,26,26,26,,,,0,1450,0,,,
1970,2,115,,100,4.54,1,0,1,100,2,70,2,23,1250,2,,,,,,70,,,,,,2,,,,,,23,,,,,,1250,,,,,
1970,2,116,,100,4.54,1,0,1,100,1,65,3,30,3450,1,,,2,,,65,,,65,,,3,,,6,,,30,,,60,,,3450,,,350,,
1970,2,116,,100,4.54,1,0,2,100,2,65,6,60,350,1,,,1,,,65,,,65,,,3,,,3,,,30,,,30,,,3450,,,3450,,
1970,2,116,,100,4.54,1,0,3,100,1,42,7,70,6750,1,2,1,,,,65,65,65,,,,3,6,3,,,,30,60,30,,,,3450,350,3450,,,
1970,2,117,,100,4.54,1,0,1,100,1,34,6,60,14050,1,,,2,,,34,,,31,,,6,,,7,,,60,,,70,,,14050,,,0,,
1970,2,117,,100,4.54,1,0,2,100,2,31,7,70,0,1,,,1,,,34,,,34,,,6,,,6,,,60,,,60,,,14050,,,14050,,
1970,2,117,,100,4.54,1,0,3,100,1,8,1,15,9999999,1,2,1,,,,34,31,34,,,,6,7,6,,,,60,70,60,,,,14050,0,14050,,,
1970,2,117,,100,4.54,1,0,4,100,2,7,1,14,9999999,1,2,1,,,,34,31,34,,,,6,7,6,,,,60,70,60,,,,14050,0,14050,,,
1970,2,117,,100,4.54,1,0,5,100,2,5,1,11,9999999,1,2,1,,,,34,31,34,,,,6,7,6,,,,60,70,60,,,,14050,0,14050,,,
1970,2,117,,100,4.54,1,0,6,100,2,1,0,1,9999999,1,2,1,,,,34,31,34,,,,6,7,6,,,,60,70,60,,,,14050,0,14050,,,
1970,2,118,,100,4.54,1,0,1,100,1,23,6,60,6050,1,,,2,,,23,,,20,,,6,,,7,,,60,,,70,,,6050,,,6050,,
1970,2,118,,100,4.54,1,0,2,100,2,20,7,70,6050,1,,,1,,,23,,,23,,,6,,,6,,,60,,,60,,,6050,,,6050,,
1970,2,119,,100,4.54,1,0,1,100,1,24,11,110,8650,1,,,2,,,24,,,25,,,11,,,6,,,110,,,60,,,8650,,,4050,,
1970,2,119,,100,4.54,1,0,2,100,2,25,6,60,4050,1,,,1,,,24,,,24,,,11,,,11,,,110,,,110,,,8650,,,8650,,
1970,2,119,,100,4.54,1,0,3,100,2,0,0,1,9999999,1,2,1,,,,24,25,24,,,,11,6,11,,,,110,60,110,,,,8650,4050,8650,,,
1970,2,120,,100,4.54,1,0,1,100,1,35,2,26,10150,1,,,2,,,35,,,29,,,2,,,6,,,26,,,60,,,10150,,,2550,,
1970,2,120,,100,4.54,1,0,2,100,2,29,6,60,2550,1,,,1,,,35,,,35,,,2,,,2,,,26,,,26,,,10150,,,10150,,
1970,2,120,,100,4.54,1,0,3,100,2,2,0,1,9999999,1,2,1,,,,35,29,35,,,,2,6,2,,,,26,60,26,,,,10150,2550,10150,,,
1970,2,120,,100,4.54,1,0,4,100,1,4,0,2,9999999,1,2,1,,,,35,29,35,,,,2,6,2,,,,26,60,26,,,,10150,2550,10150,,,
1970,2,121,,100,4.54,1,0,1,100,1,45,4,40,12550,1,,,,,,45,,,,,,4,,,,,,40,,,,,,12550,,,,,
1970,2,122,,100,4.54,1,0,1,100,1,64,6,60,5550,1,,,2,,,64,,,62,,,6,,,2,,,60,,,26,,,5550,,,0,,
1970,2,122,,100,4.54,1,0,2,100,2,62,2,26,0,1,,,1,,,64,,,64,,,6,,,6,,,60,,,60,,,5550,,,5550,,
1970,2,123,,100,4.54,1,0,1,100,1,26,1,12,1950,1,,,2,,,26,,,27,,,1,,,8,,,12,,,80,,,1950,,,550,,
1970,2,123,,100,4.54,1,0,2,100,2,27,8,80,550,1,,,1,,,26,,,26,,,1,,,1,,,12,,,12,,,1950,,,1950,,
1970,2,123,,100,4.54,1,0,3,100,1,4,0,2,9999999,1,2,1,,,,26,27,26,,,,1,8,1,,,,12,80,12,,,,1950,550,1950,,,
1970,2,123,,100,4.54,1,0,4,100,1,4,0,2,9999999,1,2,1,,,,26,27,26,,,,1,8,1,,,,12,80,12,,,,1950,550,1950,,,
1970,2,123,,100,4.54,1,0,5,100,2,2,0,1,9999999,1,2,1,,,,26,27,26,,,,1,8,1,,,,12,80,12,,,,1950,550,1950,,,
1970,2,124,,100,4.54,1,0,1,100,1,44,2,23,10750,1,,,2,,,44,,,48,,,2,,,2,,,23,,,26,,,10750,,,0,,
1970,2,124,,100,4.54,1,0,2,100,2,48,2,26,0,1,,,1,,,44,,,44,,,2,,,2,,,23,,,23,,,10750,,,10750,,
1970,2,124,,100,4.54,1,0,3,100,2,10,1,17,9999999,1,2,1,,,,44,48,44,,,,2,2,2,,,,23,26,23,,,,10750,0,10750,,,
1970,2,125,,100,4.54,1,0,1,100,1,55,2,26,11450,1,,,2,,,55,,,50,,,2,,,7,,,26,,,70,,,11450,,,7050,,
1970,2,125,,100,4.54,1,0,2,100,2,50,7,70,7050,1,,,1,,,55,,,55,,,2,,,2,,,26,,,26,,,11450,,,11450,,
1970,2,126,,100,4.54,1,0,1,100,1,53,2,26,11150,1,,,2,,,53,,,49,,,2,,,2,,,26,,,26,,,11150,,,0,,
1970,2,126,,100,4.54,1,0,2,100,2,49,2,26,0,1,,,1,,,53,,,53,,,2,,,2,,,26,,,26,,,11150,,,11150,,
1970,2,126,,100,4.54,1,0,3,100,1,21,5,50,750,1,2,1,,,,53,49,53,,,,2,2,2,,,,26,26,26,,,,11150,0,11150,,,
1970,2,126,,100,4.54,1,0,4,100,2,15,3,30,0,1,2,1,,,,53,49,53,,,,2,2,2,,,,26,26,26,,,,11150,0,11150,,,
1970,2,127,,100,4.54,1,0,1,100,1,40,8,80,11550,1,,,2,,,40,,,39,,,8,,,6,,,80,,,65,,,11550,,,2950,,
1970,2,127,,100,4.54,1,0,2,100,2,39,6,65,2950,1,,,1,,,40,,,40,,,8,,,8,,,80,,,80,,,11550,,,11550,,
1970,2,127,,100,4.54,1,0,3,100,2,17,5,50,250,1,2,1,,,,40,39,40,,,,8,6,8,,,,80,65,80,,,,11550,2950,11550,,,
1970,2,127,,100,4.54,1,0,4,100,1,14,2,26,350,1,2,1,,,,40,39,40,,,,8,6,8,,,,80,65,80,,,,11550,2950,11550,,,
1970,2,127,,100,4.54,1,0,5,100,2,8,1,15,9999999,1,2,1,,,,40,39,40,,,,8,6,8,,,,80,65,80,,,,11550,2950,11550,,,
1970,2,128,,100,4.54,1,0,1,100,1,48,3,30,9050,1,,,2,,,48,,,44,,,3,,,3,,,30,,,30,,,9050,,,0,,
1970,2,128,,100,4.54,1,0,2,100,2,44,3,30,0,1,,,1,,,48,,,48,,,3,,,3,,,30,,,30,,,9050,,,9050,,
1970,2,128,,100,4.54,1,0,3,100,1,21,6,60,6850,1,2,1,,,,48,44,48,,,,3,3,3,,,,30,30,30,,,,9050,0,9050,,,
1970,2,128,,100,4.54,1,0,4,100,2,16,3,30,0,1,2,1,,,,48,44,48,,,,3,3,3,,,,30,30,30,,,,9050,0,9050,,,
1970,2,128,,100,4.54,1,0,5,100,2,15,3,30,0,1,2,1,,,,48,44,48,,,,3,3,3,,,,30,30,30,,,,9050,0,9050,,,
1970,2,128,,100,4.54,1,0,6,100,2,11,2,22,9999999,1,2,1,,,,48,44,48,,,,3,3,3,,,,30,30,30,,,,9050,0,9050,,,
1970,2,130,,100,4.54,1,0,1,100,1,61,2,22,10250,1,,,2,,,61,,,58,,,2,,,2,,,22,,,25,,,10250,,,3050,,
1970,2,130,,100,4.54,1,0,2,100,2,58,2,25,3050,1,,,1,,,61,,,61,,,2,,,2,,,22,,,22,,,10250,,,10250,,
1970,2,131,,100,4.54,1,0,1,100,1,59,4,40,6550,1,,,,,,59,,,,,,4,,,,,,40,,,,,,6550,,,,,
1970,2,132,,100,4.54,1,0,1,100,1,44,2,26,8850,1,,,2,,,44,,,39,,,2,,,1,,,26,,,17,,,8850,,,0,,
1970,2,132,,100,4.54,1,0,2,100,2,39,1,17,0,1,,,1,,,44,,,44,,,2,,,2,,,26,,,26,,,8850,,,8850,,
1970,2,132,,100,4.54,1,0,3,100,1,15,4,40,0,1,2,1,,,,44,39,44,,,,2,1,2,,,,26,17,26,,,,8850,0,8850,,,
1970,2,132,,100,4.54,1,0,4,100,2,10,1,17,9999999,1,2,1,,,,44,39,44,,,,2,1,2,,,,26,17,26,,,,8850,0,8850,,,
1970,2,134,,100,4.54,1,0,1,100,1,22,1,16,4850,1,,,,,,22,,,,,,1,,,,,,16,,,,,,4850,,,,,
1970,2,134,,100,4.54,1,0,2,100,1,20,2,23,4850,1,,,,,,22,,,,,,1,,,,,,16,,,,,,4850,,,,,
1970,2,135,,100,4.54,1,0,1,100,1,72,2,25,3350,1,,,2,,,72,,,75,,,2,,,2,,,25,,,26,,,3350,,,0,,
1970,2,135,,100,4.54,1,0,2,100,2,75,2,26,0,1,,,1,,,72,,,72,,,2,,,2,,,25,,,25,,,3350,,,3350,,
1970,2,136,,100,4.54,3,0,1,100,1,14,2,23,0,,,,,,,,,,,,,,,,,,,,,,,,,,,,,,
1970,2,137,,100,4.54,1,0,1,100,1,26,6,60,650,1,,,2,,,26,,,23,,,6,,,6,,,60,,,60,,,650,,,0,,
1970,2,137,,100,4.54,1,0,2,100,2,23,6,60,0,1,,,1,,,26,,,26,,,6,,,6,,,60,,,60,,,650,,,650,,
1970,2,137,,100,4.54,1,0,3,100,1,3,0,2,9999999,1,2,1,,,,26,23,26,,,,6,6,6,,,,60,60,60,,,,650,0,650,,,
1970,2,137,,100,4.54,1,0,4,100,2,2,0,1,9999999,1,2,1,,,,26,23,26,,,,6,6,6,,,,60,60,60,,,,650,0,650,,,
1970,2,137,,100,4.54,1,0,5,100,1,0,0,1,9999999,1,2,1,,,,26,23,26,,,,6,6,6,,,,60,60,60,,,,650,0,650,,,
1970,2,138,,100,4.54,1,0,1,100,1,32,6,60,-850,1,,,,,,32,,,,,,6,,,,,,60,,,,,,-850,,,,,
1970,2,138,,100,4.54,1,0,2,100,2,38,6,60,2650,1,,,,,,32,,,,,,6,,,,,,60,,,,,,-850,,,,,
1970,2,140,,100,4.54,1,0,1,100,1,57,1,15,3050,1,,,2,,,57,,,52,,,1,,,2,,,15,,,25,,,3050,,,0,,
1970,2,140,,100,4.54,1,0,2,100,2,52,2,25,0,1,,,1,,,57,,,57,,,1,,,1,,,15,,,15,,,3050,,,3050,,
1970,2,140,,100,4.54,1,0,3,100,1,30,6,60,4050,1,2,1,,,,57,52,57,,,,1,2,1,,,,15,25,15,,,,3050,0,3050,,,
1970,2,141,,100,4.54,1,0,1,100,2,75,2,23,5550,2,,,,,,75,,,,,,2,,,,,,23,,,,,,5550,,,,,
1970,2,142,,100,4.54,1,0,1,100,1,76,2,22,750,1,,,,,,76,,,,,,2,,,,,,22,,,,,,750,,,,,
1970,2,142,,100,4.54,1,0,2,100,2,72,2,26,250,1,,,,,,76,,,,,,2,,,,,,22,,,,,,750,,,,,
1970,2,143,,100,4.54,1,0,1,100,1,58,6,60,7050,1,,,2,,,58,,,57,,,6,,,6,,,60,,,60,,,7050,,,6550,,
1970,2,143,,100,4.54,1,0,2,100,2,57,6,60,6550,1,,,1,,,58,,,58,,,6,,,6,,,60,,,60,,,7050,,,7050,,
1970,2,144,,100,4.54,1,0,1,100,1,30,11,110,15050,1,,,2,,,30,,,29,,,11,,,9,,,110,,,90,,,15050,,,0,,
1970,2,144,,100,4.54,1,0,2,100,2,29,9,90,0,1,,,1,,,30,,,30,,,11,,,11,,,110,,,110,,,15050,,,15050,,
1970,2,144,,100,4.54,1,0,3,100,2,3,0,2,9999999,1,2,1,,,,30,29,30,,,,11,9,11,,,,110,90,110,,,,15050,0,15050,,,
1970,2,145,,100,4.54,1,0,1,100,1,30,2,26,5150,1,,,2,,,30,,,29,,,2,,,4,,,26,,,40,,,5150,,,3850,,
1970,2,145,,100,4.54,1,0,2,100,2,29,4,40,3850,1,,,1,,,30,,,30,,,2,,,2,,,26,,,26,,,5150,,,5150,,
1970,2,145,,100,4.54,1,0,3,100,2,12,2,22,9999999,1,2,1,,,,30,29,30,,,,2,4,2,,,,26,40,26,,,,5150,3850,5150,,,
1970,2,145,,100,4.54,1,0,4,100,1,10,1,17,9999999,1,2,1,,,,30,29,30,,,,2,4,2,,,,26,40,26,,,,5150,3850,5150,,,
1970,2,145,,100,4.54,1,0,5,100,2,8,1,14,9999999,1,2,1,,,,30,29,30,,,,2,4,2,,,,26,40,26,,,,5150,3850,5150,,,
1970,2,145,,100,4.54,1,0,6,100,2,3,0,2,9999999,1,2,1,,,,30,29,30,,,,2,4,2,,,,26,40,26,,,,5150,3850,5150,,,
1970,2,146,,100,4.54,1,0,1,100,2,70,6,60,1950,2,,,,,,70,,,,,,6,,,,,,60,,,,,,1950,,,,,
1970,2,146,,100,4.54,1,0,2,100,1,37,2,26,7550,2,2,,,,,70,70,,,,,6,6,,,,,60,60,,,,,1950,1950,,,,
1970,2,147,,100,4.54,1,0,1,100,1,34,9,90,13050,1,,,2,,,34,,,34,,,9,,,11,,,90,,,110,,,13050,,,0,,
1970,2,147,,100,4.54,1,0,2,100,2,34,11,110,0,1,,,1,,,34,,,34,,,9,,,9,,,90,,,90,,,13050,,,13050,,
1970,2,147,,100,4.54,1,0,3,100,2,9,1,16,9999999,1,2,1,,,,34,34,34,,,,9,11,9,,,,90,110,90,,,,13050,0,13050,,,
1970,2,147,,100,4.54,1,0,4,100,1,7,1,14,9999999,1,2,1,,,,34,34,34,,,,9,11,9,,,,90,110,90,,,,13050,0,13050,,,
1970,2,148,,100,4.54,1,0,1,100,2,79,6,60,1150,2,,,,,,79,,,,,,6,,,,,,60,,,,,,1150,,,,,
1970,2,149,,100,4.54,1,0,1,100,1,70,2,26,11050,1,,,2,,,70,,,68,,,2,,,2,,,26,,,26,,,11050,,,0,,
1970,2,149,,100,4.54,1,0,2,100,2,68,2,26,0,1,,,1,,,70,,,70,,,2,,,2,,,26,,,26,,,11050,,,11050,,
1970,2,150,,100,4.54,1,0,1,100,1,35,6,60,15050,1,,,2,,,35,,,31,,,6,,,6,,,60,,,60,,,15050,,,1550,,
1970,2,150,,100,4.54,1,0,2,100,2,31,6,60,1550,1,,,1,,,35,,,35,,,6,,,6,,,60,,,60,,,15050,,,15050,,
1970,2,150,,100,4.54,1,0,3,100,1,8,1,14,9999999,1,2,1,,,,35,31,35,,,,6,6,6,,,,60,60,60,,,,15050,1550,15050,,,
1970,2,150,,100,4.54,1,0,4,100,2,5,1,11,9999999,1,2,1,,,,35,31,35,,,,6,6,6,,,,60,60,60,,,,15050,1550,15050,,,
1970,2,152,,100,4.54,1,0,1,100,1,58,6,60,12650,1,,,2,,,58,,,55,,,6,,,2,,,60,,,26,,,12650,,,0,,
1970,2,152,,100,4.54,1,0,2,100,2,55,2,26,0,1,,,1,,,58,,,58,,,6,,,6,,,60,,,60,,,12650,,,12650,,
1970,2,153,,100,4.54,1,0,1,100,2,49,4,40,4550,2,,,,,,49,,,,,,4,,,,,,40,,,,,,4550,,,,,
1970,2,153,,100,4.54,1,0,2,100,1,39,5,50,6050,2,2,,,,,49,49,,,,,4,4,,,,,40,40,,,,,4550,4550,,,,
1970,2,154,,100,4.54,3,0,1,100,1,73,2,26,4250,,,,,,,,,,,,,,,,,,,,,,,,,,,,,,
1970,2,155,,100,4.54,1,0,1,100,1,88,4,40,1550,1,,,2,,,88,,,84,,,4,,,2,,,40,,,26,,,1550,,,850,,
1970,2,155,,100,4.54,1,0,2,100,2,84,2,26,850,1,,,1,,,88,,,88,,,4,,,4,,,40,,,40,,,1550,,,1550,,
1970,2,156,,100,4.54,1,0,1,100,1,25,5,50,10050,1,,,2,,,25,,,24,,,5,,,6,,,50,,,60,,,10050,,,750,,
1970,2,156,,100,4.54,1,0,2,100,2,24,6,60,750,1,,,1,,,25,,,25,,,5,,,5,,,50,,,50,,,10050,,,10050,,
1970,2,156,,100,4.54,1,0,3,100,2,6,1,12,9999999,1,2,1,,,,25,24,25,,,,5,6,5,,,,50,60,50,,,,10050,750,10050,,,
1970,2,156,,100,4.54,1,0,4,100,1,3,0,2,9999999,1,2,1,,,,25,24,25,,,,5,6,5,,,,50,60,50,,,,10050,750,10050,,,
1970,2,157,,100,4.54,1,0,1,100,2,56,0,2,3450,2,,,,,,56,,,,,,0,,,,,,2,,,,,,3450,,,,,
1970,2,158,,100,4.54,3,0,1,100,2,79,6,60,2250,,,,,,,,,,,,,,,,,,,,,,,,,,,,,,
1970,2,159,,100,4.54,1,0,1,100,1,25,8,80,1850,1,,,2,,,25,,,36,,,8,,,6,,,80,,,60,,,1850,,,3250,,
1970,2,159,,100,4.54,1,0,2,100,2,36,6,60,3250,1,,,1,,,25,,,25,,,8,,,8,,,80,,,80,,,1850,,,1850,,
1970,2,160,,100,4.54,1,0,1,100,2,28,6,60,3550,2,,,,,,28,,,,,,6,,,,,,60,,,,,,3550,,,,,
1970,2,160,,100,4.54,1,0,2,100,1,7,1,12,9999999,2,2,,,,,28,28,,,,,6,6,,,,,60,60,,,,,3550,3550,,,,
1970,2,161,,100,4.54,1,0,1,100,2,21,8,80,1350,2,,,,,,21,,,,,,8,,,,,,80,,,,,,1350,,,,,
1970,2,161,,100,4.54,1,0,2,100,2,23,10,100,2750,2,,,,,,21,,,,,,8,,,,,,80,,,,,,1350,,,,,
1970,2,162,,100,4.54,1,0,1,100,1,22,10,100,2050,1,,,2,,,22,,,22,,,10,,,10,,,100,,,100,,,2050,,,1250,,
1970,2,162,,100,4.54,1,0,2,100,2,22,10,100,1250,1,,,1,,,22,,,22,,,10,,,10,,,100,,,100,,,2050,,,2050,,
1970,2,163,,100,4.54,1,0,1,100,2,60,6,60,4350,2,,,,,,60,,,,,,6,,,,,,60,,,,,,4350,,,,,
1970,2,164,,100,4.54,1,0,1,100,1,20,8,80,2250,1,,,,,,20,,,,,,8,,,,,,80,,,,,,2250,,,,,
1970,2,165,,100,4.54,1,0,1,100,1,78,2,23,3250,1,,,,,,78,,,,,,2,,,,,,23,,,,,,3250,,,,,
1970,2,166,,100,4.54,1,0,1,100,1,24,10,100,9050,1,,,2,,,24,,,24,,,10,,,8,,,100,,,80,,,9050,,,3250,,
1970,2,166,,100,4.54,1,0,2,100,2,24,8,80,3250,1,,,1,,,24,,,24,,,10,,,10,,,100,,,100,,,9050,,,9050,,
1970,2,166,,100,4.54,1,0,3,100,1,0,0,1,9999999,1,2,1,,,,24,24,24,,,,10,8,10,,,,100,80,100,,,,9050,3250,9050,,,
1970,2,167,,100,4.54,1,0,1,100,1,34,10,100,17050,1,,,2,,,34,,,33,,,10,,,10,,,100,,,100,,,17050,,,0,,
1970,2,167,,100,4.54,1,0,2,100,2,33,10,100,0,1,,,1,,,34,,,34,,,10,,,10,,,100,,,100,,,17050,,,17050,,
1970,2,167,,100,4.54,1,0,3,100,1,9,1,16,9999999,1,2,1,,,,34,33,34,,,,10,10,10,,,,100,100,100,,,,17050,0,17050,,,
1970,2,167,,100,4.54,1,0,4,100,2,7,1,12,9999999,1,2,1,,,,34,33,34,,,,10,10,10,,,,100,100,100,,,,17050,0,17050,,,
1970,2,168,,100,4.54,1,0,1,100,1,27,6,60,16650,1,,,2,,,27,,,26,,,6,,,6,,,60,,,60,,,16650,,,0,,
1970,2,168,,100,4.54,1,0,2,100,2,26,6,60,0,1,,,1,,,27,,,27,,,6,,,6,,,60,,,60,,,16650,,,16650,,
1970,2,168,,100,4.54,1,0,3,100,2,5,1,11,9999999,1,2,1,,,,27,26,27,,,,6,6,6,,,,60,60,60,,,,16650,0,16650,,,
1970,2,168,,100,4.54,1,0,4,100,2,2,0,1,9999999,1,2,1,,,,27,26,27,,,,6,6,6,,,,60,60,60,,,,16650,0,16650,,,
1970,2,168,,100,4.54,1,0,5,100,2,1,0,1,9999999,1,2,1,,,,27,26,27,,,,6,6,6,,,,60,60,60,,,,16650,0,16650,,,
1970,2,169,,100,4.54,1,0,1,100,1,28,6,65,11250,1,,,2,,,28,,,23,,,6,,,7,,,65,,,70,,,11250,,,6550,,
1970,2,169,,100,4.54,1,0,2,100,2,23,7,70,6550,1,,,1,,,28,,,28,,,6,,,6,,,65,,,65,,,11250,,,11250,,
1970,2,170,,100,4.54,1,0,1,100,1,45,6,60,12950,1,,,2,,,45,,,46,,,6,,,4,,,60,,,40,,,12950,,,0,,
1970,2,170,,100,4.54,1,0,2,100,2,46,4,40,0,1,,,1,,,45,,,45,,,6,,,6,,,60,,,60,,,12950,,,12950,,
1970,2,170,,100,4.54,1,0,3,100,1,18,6,65,1650,1,2,1,,,,45,46,45,,,,6,4,6,,,,60,40,60,,,,12950,0,12950,,,
1970,2,170,,100,4.54,1,0,4,100,2,23,6,60,5550,1,2,1,,,,45,46,45,,,,6,4,6,,,,60,40,60,,,,12950,0,12950,,,
1970,2,170,,100,4.54,1,0,5,100,2,0,0,1,9999999,1,2,,,,,45,23,,,,,6,6,,,,,60,60,,,,,12950,5550,,,,
1970,2,171,,100,4.54,1,0,1,100,1,26,6,60,11450,1,,,2,,,26,,,27,,,6,,,6,,,60,,,60,,,11450,,,0,,
1970,2,171,,100,4.54,1,0,2,100,2,27,6,60,0,1,,,1,,,26,,,26,,,6,,,6,,,60,,,60,,,11450,,,11450,,
1970,2,171,,100,4.54,1,0,3,100,1,4,0,2,9999999,1,2,1,,,,26,27,26,,,,6,6,6,,,,60,60,60,,,,11450,0,11450,,,
1970,2,171,,100,4.54,1,0,4,100,2,2,0,1,9999999,1,2,1,,,,26,27,26,,,,6,6,6,,,,60,60,60,,,,11450,0,11450,,,
1970,2,171,,100,4.54,1,0,5,100,2,0,0,1,9999999,1,2,1,,,,26,27,26,,,,6,6,6,,,,60,60,60,,,,11450,0,11450,,,
1970,2,172,,100,4.54,1,0,1,100,1,33,6,60,1450,1,,,2,,,33,,,37,,,6,,,2,,,60,,,26,,,1450,,,3450,,
1970,2,172,,100,4.54,1,0,2,100,2,37,2,26,3450,1,,,1,,,33,,,33,,,6,,,6,,,60,,,60,,,1450,,,1450,,
1970,2,172,,100,4.54,1,0,3,100,2,6,1,12,9999999,1,2,1,,,,33,37,33,,,,6,2,6,,,,60,26,60,,,,1450,3450,1450,,,
1970,2,172,,100,4.54,1,0,4,100,1,5,1,11,9999999,1,2,1,,,,33,37,33,,,,6,2,6,,,,60,26,60,,,,1450,3450,1450,,,
1970,2,174,,100,4.54,1,0,1,100,1,60,4,40,13850,1,,,2,,,60,,,48,,,4,,,6,,,40,,,60,,,13850,,,0,,
1970,2,174,,100,4.54,1,0,2,100,2,48,6,60,0,1,,,1,,,60,,,60,,,4,,,4,,,40,,,40,,,13850,,,13850,,
1970,2,175,,100,4.54,1,0,1,100,1,37,1,15,3550,1,,,,,,37,,,,,,1,,,,,,15,,,,,,3550,,,,,
1970,2,175,,100,4.54,1,0,2,100,1,29,1,17,1550,1,,,,,,37,,,,,,1,,,,,,15,,,,,,3550,,,,,
1970,2,175,,100,4.54,1,0,3,100,1,28,1,17,2050,1,,,,,,37,,,,,,1,,,,,,15,,,,,,3550,,,,,
1970,2,175,,100,4.54,1,0,4,100,1,29,2,23,1350,1,,,,,,37,,,,,,1,,,,,,15,,,,,,3550,,,,,
1970,2,176,,100,4.54,4,0,1,100,1,34,11,111,11550,,,,,,,,,,,,,,,,,,,,,,,,,,,,,,
1970,2,177,,100,4.54,1,0,1,100,2,75,8,80,50000,2,,,,,,75,,,,,,8,,,,,,80,,,,,,50000,,,,,
1970,2,177,,100,4.54,1,0,2,100,2,44,6,60,0,2,2,,,,,75,75,,,,,8,8,,,,,80,80,,,,,50000,50000,,,,
1970,2,178,,100,4.54,1,0,1,100,2,28,8,80,6050,2,,,,,,28,,,,,,8,,,,,,80,,,,,,6050,,,,,
1970,2,178,,100,4.54,1,0,2,100,1,5,1,11,9999999,2,2,,,,,28,28,,,,,8,8,,,,,80,80,,,,,6050,6050,,,,
1970,2,179,,100,4.54,1,0,1,100,1,35,11,111,19150,1,,,2,,,35,,,30,,,11,,,11,,,111,,,110,,,19150,,,4050,,
1970,2,179,,100,4.54,1,0,2,100,2,30,11,110,4050,1,,,1,,,35,,,35,,,11,,,11,,,111,,,111,,,19150,,,19150,,
1970,2,179,,100,4.54,1,0,3,100,1,4,1,11,9999999,1,2,1,,,,35,30,35,,,,11,11,11,,,,111,110,111,,,,19150,4050,19150,,,
1970,2,180,,100,4.54,1,0,1,100,1,28,10,100,2350,1,,,2,,,28,,,26,,,10,,,11,,,100,,,110,,,2350,,,7250,,
1970,2,180,,100,4.54,1,0,2,100,2,26,11,110,7250,1,,,1,,,28,,,28,,,10,,,10,,,100,,,100,,,2350,,,2350,,
1970,2,182,,100,4.54,1,0,1,100,1,73,2,25,1050,1,,,,,,73,,,,,,2,,,,,,25,,,,,,1050,,,,,
1970,2,183,,100,4.54,1,0,1,100,1,27,6,60,15050,1,,,2,,,27,,,27,,,6,,,6,,,60,,,60,,,15050,,,0,,
1970,2,183,,100,4.54,1,0,2,100,2,27,6,60,0,1,,,1,,,27,,,27,,,6,,,6,,,60,,,60,,,15050,,,15050,,
1970,2,183,,100,4.54,1,0,3,100,2,4,0,2,9999999,1,2,1,,,,27,27,27,,,,6,6,6,,,,60,60,60,,,,15050,0,15050,,,
1970,2,183,,100,4.54,1,0,4,100,1,0,0,1,9999999,1,2,1,,,,27,27,27,,,,6,6,6,,,,60,60,60,,,,15050,0,15050,,,
1970,2,184,,100,4.54,1,0,1,100,2,49,2,25,2550,2,,,,,,49,,,,,,2,,,,,,25,,,,,,2550,,,,,
1970,2,184,,100,4.54,1,0,2,100,2,48,2,25,0,2,,,,,,49,,,,,,2,,,,,,25,,,,,,2550,,,,,
1970,2,185,,100,4.54,1,0,1,100,1,29,6,60,8250,1,,,2,,,29,,,22,,,6,,,6,,,60,,,60,,,8250,,,5050,,
1970,2,185,,100,4.54,1,0,2,100,2,22,6,60,5050,1,,,1,,,29,,,29,,,6,,,6,,,60,,,60,,,8250,,,8250,,
1970,2,187,,100,4.54,1,0,1,100,1,51,8,80,10050,1,,,2,,,51,,,44,,,8,,,6,,,80,,,60,,,10050,,,1450,,
1970,2,187,,100,4.54,1,0,2,100,2,44,6,60,1450,1,,,1,,,51,,,51,,,8,,,8,,,80,,,80,,,10050,,,10050,,
1970,2,187,,100,4.54,1,0,3,100,2,16,4,40,0,1,2,1,,,,51,44,51,,,,8,6,8,,,,80,60,80,,,,10050,1450,10050,,,
1970,2,187,,100,4.54,1,0,4,100,2,10,1,17,9999999,1,2,1,,,,51,44,51,,,,8,6,8,,,,80,60,80,,,,10050,1450,10050,,,
1970,2,187,,100,4.54,1,0,5,100,2,9,1,15,9999999,1,2,1,,,,51,44,51,,,,8,6,8,,,,80,60,80,,,,10050,1450,10050,,,
1970,2,187,,100,4.54,1,0,6,100,2,19,6,60,0,1,2,1,,,,51,44,51,,,,8,6,8,,,,80,60,80,,,,10050,1450,10050,,,
1970,2,187,,100,4.54,1,0,7,100,2,0,0,1,9999999,1,2,,,,,51,19,,,,,8,6,,,,,80,60,,,,,10050,0,,,,
1970,2,188,,100,4.54,1,0,1,100,1,55,6,60,11250,1,,,2,,,55,,,50,,,6,,,2,,,60,,,26,,,11250,,,650,,
1970,2,188,,100,4.54,1,0,2,100,2,50,2,26,650,1,,,1,,,55,,,55,,,6,,,6,,,60,,,60,,,11250,,,11250,,
1970,2,188,,100,4.54,1,0,3,100,2,10,2,22,9999999,1,2,1,,,,55,50,55,,,,6,2,6,,,,60,26,60,,,,11250,650,11250,,,
1970,2,189,,100,4.54,1,0,1,100,1,51,6,60,8050,1,,,2,,,51,,,51,,,6,,,4,,,60,,,40,,,8050,,,0,,
1970,2,189,,100,4.54,1,0,2,100,2,51,4,40,0,1,,,1,,,51,,,51,,,6,,,6,,,60,,,60,,,8050,,,8050,,
1970,2,189,,100,4.54,1,0,3,100,2,22,8,80,0,1,2,1,,,,51,51,51,,,,6,4,6,,,,60,40,60,,,,8050,0,8050,,,
1970,2,189,,100,4.54,1,0,4,100,1,17,5,50,1250,1,2,1,,,,51,51,51,,,,6,4,6,,,,60,40,60,,,,8050,0,8050,,,
1970,2,190,,100,4.54,1,0,1,100,1,43,11,111,21150,1,,,2,,,43,,,39,,,11,,,6,,,111,,,60,,,21150,,,0,,
1970,2,190,,100,4.54,1,0,2,100,2,39,6,60,0,1,,,1,,,43,,,43,,,11,,,11,,,111,,,111,,,21150,,,21150,,
1970,2,190,,100,4.54,1,0,3,100,1,15,2,26,0,1,2,1,,,,43,39,43,,,,11,6,11,,,,111,60,111,,,,21150,0,21150,,,
1970,2,190,,100,4.54,1,0,4,100,1,12,2,22,9999999,1,2,1,,,,43,39,43,,,,11,6,11,,,,111,60,111,,,,21150,0,21150,,,
1970,2,190,,100,4.54,1,0,5,100,1,9,1,16,9999999,1,2,1,,,,43,39,43,,,,11,6,11,,,,111,60,111,,,,21150,0,21150,,,
1970,2,191,,100,4.54,1,0,1,100,1,54,3,30,7550,1,,,2,,,54,,,50,,,3,,,2,,,30,,,26,,,7550,,,5050,,
1970,2,191,,100,4.54,1,0,2,100,2,50,2,26,5050,1,,,1,,,54,,,54,,,3,,,3,,,30,,,30,,,7550,,,7550,,
1970,2,192,,100,4.54,1,0,1,100,2,62,2,26,3550,2,,,,,,62,,,,,,2,,,,,,26,,,,,,3550,,,,,
1970,2,193,,100,4.54,1,0,1,100,1,26,4,40,11050,1,,,2,,,26,,,21,,,4,,,6,,,40,,,60,,,11050,,,0,,
1970,2,193,,100,4.54,1,0,2,100,2,21,6,60,0,1,,,1,,,26,,,26,,,4,,,4,,,40,,,40,,,11050,,,11050,,
1970,2,193,,100,4.54,1,0,3,100,1,0,0,1,9999999,1,2,1,,,,26,21,26,,,,4,6,4,,,,40,60,40,,,,11050,0,11050,,,
1970,2,194,,100,4.54,1,0,1,100,1,28,1,16,2550,1,,,2,,,28,,,23,,,1,,,0,,,16,,,2,,,2550,,,1550,,
1970,2,194,,100,4.54,1,0,2,100,2,23,0,2,1550,1,,,1,,,28,,,28,,,1,,,1,,,16,,,16,,,2550,,,2550,,
1970,2,194,,100,4.54,1,0,3,100,1,4,0,2,9999999,1,2,1,,,,28,23,28,,,,1,0,1,,,,16,2,16,,,,2550,1550,2550,,,
1970,2,194,,100,4.54,1,0,4,100,2,2,0,1,9999999,1,2,1,,,,28,23,28,,,,1,0,1,,,,16,2,16,,,,2550,1550,2550,,,
1970,2,195,,100,4.54,1,0,1,100,1,48,6,60,9450,1,,,2,,,48,,,45,,,6,,,4,,,60,,,40,,,9450,,,3650,,
1970,2,195,,100,4.54,1,0,2,100,2,45,4,40,3650,1,,,1,,,48,,,48,,,6,,,6,,,60,,,60,,,9450,,,9450,,
1970,2,196,,100,4.54,1,0,1,100,1,43,3,30,18050,1,,,2,,,43,,,37,,,3,,,6,,,30,,,60,,,18050,,,2550,,
1970,2,196,,100,4.54,1,0,2,100,2,37,6,60,2550,1,,,1,,,43,,,43,,,3,,,3,,,30,,,30,,,18050,,,18050,,
1970,2,196,,100,4.54,1,0,3,100,2,12,2,22,9999999,1,2,1,,,,43,37,43,,,,3,6,3,,,,30,60,30,,,,18050,2550,18050,,,
1970,2,196,,100,4.54,1,0,4,100,2,8,1,14,9999999,1,2,1,,,,43,37,43,,,,3,6,3,,,,30,60,30,,,,18050,2550,18050,,,
1970,2,196,,100,4.54,1,0,5,100,2,14,2,26,0,1,2,1,,,,43,37,43,,,,3,6,3,,,,30,60,30,,,,18050,2550,18050,,,
1970,2,197,,100,4.54,1,0,1,100,1,56,2,23,7650,1,,,,,,56,,,,,,2,,,,,,23,,,,,,7650,,,,,
1970,2,198,,100,4.54,1,0,1,100,1,62,2,22,12050,1,,,2,,,62,,,59,,,2,,,7,,,22,,,70,,,12050,,,2650,,
1970,2,198,,100,4.54,1,0,2,100,2,59,7,70,2650,1,,,1,,,62,,,62,,,2,,,2,,,22,,,22,,,12050,,,12050,,
1970,2,198,,100,4.54,1,0,3,100,2,22,7,70,4350,1,2,1,,,,62,59,62,,,,2,7,2,,,,22,70,22,,,,12050,2650,12050,,,
1970,2,198,,100,4.54,1,0,4,100,2,20,1,14,1050,1,2,1,,,,62,59,62,,,,2,7,2,,,,22,70,22,,,,12050,2650,12050,,,
1970,2,199,,100,4.54,1,0,1,100,1,50,2,26,12050,1,,,2,,,50,,,51,,,2,,,2,,,26,,,25,,,12050,,,0,,
1970,2,199,,100,4.54,1,0,2,100,2,51,2,25,0,1,,,1,,,50,,,50,,,2,,,2,,,26,,,26,,,12050,,,12050,,
1970,2,199,,100,4.54,1,0,3,100,2,18,5,50,750,1,2,1,,,,50,51,50,,,,2,2,2,,,,26,25,26,,,,12050,0,12050,,,
1970,2,200,,100,4.54,1,0,1,100,1,63,4,40,12350,1,,,2,,,63,,,59,,,4,,,6,,,40,,,60,,,12350,,,0,,
1970,2,200,,100,4.54,1,0,2,100,2,59,6,60,0,1,,,1,,,63,,,63,,,4,,,4,,,40,,,40,,,12350,,,12350,,
1970,2,201,,100,4.54,1,0,1,100,1,67,4,40,6350,1,,,2,,,67,,,61,,,4,,,2,,,40,,,26,,,6350,,,0,,
1970,2,201,,100,4.54,1,0,2,100,2,61,2,26,0,1,,,1,,,67,,,67,,,4,,,4,,,40,,,40,,,6350,,,6350,,
1970,2,202,,100,4.54,1,0,1,100,1,51,6,60,10050,1,,,2,,,51,,,45,,,6,,,6,,,60,,,60,,,10050,,,0,,
1970,2,202,,100,4.54,1,0,2,100,2,45,6,60,0,1,,,1,,,51,,,51,,,6,,,6,,,60,,,60,,,10050,,,10050,,
1970,2,202,,100,4.54,1,0,3,100,2,17,4,40,150,1,2,1,,,,51,45,51,,,,6,6,6,,,,60,60,60,,,,10050,0,10050,,,
1970,2,203,,100,4.54,1,0,1,100,1,42,6,60,13750,1,,,2,,,42,,,43,,,6,,,3,,,60,,,30,,,13750,,,2750,,
1970,2,203,,100,4.54,1,0,2,100,2,43,3,30,2750,1,,,1,,,42,,,42,,,6,,,6,,,60,,,60,,,13750,,,13750,,
1970,2,203,,100,4.54,1,0,3,100,1,19,5,50,1550,1,2,1,,,,42,43,42,,,,6,3,6,,,,60,30,60,,,,13750,2750,13750,,,
1970,2,203,,100,4.54,1,0,4,100,1,15,3,30,50,1,2,1,,,,42,43,42,,,,6,3,6,,,,60,30,60,,,,13750,2750,13750,,,
1970,2,203,,100,4.54,1,0,5,100,2,11,1,17,9999999,1,2,1,,,,42,43,42,,,,6,3,6,,,,60,30,60,,,,13750,2750,13750,,,
1970,2,204,,100,4.54,1,0,1,100,1,46,2,23,5250,1,,,2,,,46,,,42,,,2,,,1,,,23,,,17,,,5250,,,0,,
1970,2,204,,100,4.54,1,0,2,100,2,42,1,17,0,1,,,1,,,46,,,46,,,2,,,2,,,23,,,23,,,5250,,,5250,,
1970,2,205,,100,4.54,1,0,1,100,2,47,2,26,3550,2,,,,,,47,,,,,,2,,,,,,26,,,,,,3550,,,,,
1970,2,205,,100,4.54,1,0,2,100,1,8,1,14,9999999,2,2,,,,,47,28,,,,,2,5,,,,,26,50,,,,,3550,6050,,,,
1970,2,205,,100,4.54,1,0,3,100,2,28,5,50,6050,2,2,,,,,47,47,,,,,2,2,,,,,26,26,,,,,3550,3550,,,,
1970,2,205,,100,4.54,1,0,4,100,1,1,0,1,9999999,2,2,,,,,47,28,,,,,2,5,,,,,26,50,,,,,3550,6050,,,,
1970,2,206,,100,4.54,1,0,1,100,1,29,2,23,7250,1,,,2,,,29,,,24,,,2,,,2,,,23,,,26,,,7250,,,0,,
1970,2,206,,100,4.54,1,0,2,100,2,24,2,26,0,1,,,1,,,29,,,29,,,2,,,2,,,23,,,23,,,7250,,,7250,,
1970,2,206,,100,4.54,1,0,3,100,1,2,0,1,9999999,1,2,1,,,,29,24,29,,,,2,2,2,,,,23,26,23,,,,7250,0,7250,,,
1970,2,206,,100,4.54,1,0,4,100,1,0,0,1,9999999,1,2,1,,,,29,24,29,,,,2,2,2,,,,23,26,23,,,,7250,0,7250,,,
1970,2,207,,100,4.54,1,0,1,100,2,49,6,60,7450,2,,,,,,49,,,,,,6,,,,,,60,,,,,,7450,,,,,
1970,2,208,,100,4.54,1,0,1,100,1,35,4,40,7250,1,,,2,,,35,,,29,,,4,,,2,,,40,,,22,,,7250,,,0,,
1970,2,208,,100,4.54,1,0,2,100,2,29,2,22,0,1,,,1,,,35,,,35,,,4,,,4,,,40,,,40,,,7250,,,7250,,
1970,2,208,,100,4.54,1,0,3,100,2,7,1,16,9999999,1,2,1,,,,35,29,35,,,,4,2,4,,,,40,22,40,,,,7250,0,7250,,,
1970,2,208,,100,4.54,1,0,4,100,1,8,1,14,9999999,1,2,1,,,,35,29,35,,,,4,2,4,,,,40,22,40,,,,7250,0,7250,,,
1970,2,208,,100,4.54,1,0,5,100,1,5,0,2,9999999,1,2,1,,,,35,29,35,,,,4,2,4,,,,40,22,40,,,,7250,0,7250,,,
1970,2,208,,100,4.54,1,0,6,100,1,3,0,2,9999999,1,2,1,,,,35,29,35,,,,4,2,4,,,,40,22,40,,,,7250,0,7250,,,
1970,2,208,,100,4.54,1,0,7,100,1,0,0,1,9999999,1,2,1,,,,35,29,35,,,,4,2,4,,,,40,22,40,,,,7250,0,7250,,,
1970,2,209,,100,4.54,1,0,1,100,1,29,4,40,7050,1,,,2,,,29,,,40,,,4,,,0,,,40,,,2,,,7050,,,0,,
1970,2,209,,100,4.54,1,0,2,100,2,40,0,2,0,1,,,1,,,29,,,29,,,4,,,4,,,40,,,40,,,7050,,,7050,,
1970,2,209,,100,4.54,1,0,3,100,1,7,1,14,9999999,1,2,1,,,,29,40,29,,,,4,0,4,,,,40,2,40,,,,7050,0,7050,,,
1970,2,210,,100,4.54,1,0,1,100,1,77,1,15,1750,1,,,2,,,77,,,64,,,1,,,2,,,15,,,26,,,1750,,,1050,,
1970,2,210,,100,4.54,1,0,2,100,2,64,2,26,1050,1,,,1,,,77,,,77,,,1,,,1,,,15,,,15,,,1750,,,1750,,
1970,2,210,,100,4.54,1,0,3,100,1,26,6,65,5350,1,,,,,,77,,,,,,1,,,,,,15,,,,,,1750,,,,,
1970,2,211,,100,4.54,1,0,1,100,1,92,0,2,2250,1,,,2,,,92,,,76,,,0,,,1,,,2,,,16,,,2250,,,1150,,
1970,2,211,,100,4.54,1,0,2,100,2,76,1,16,1150,1,,,1,,,92,,,92,,,0,,,0,,,2,,,2,,,2250,,,2250,,
1970,2,212,,100,4.54,1,0,1,100,1,41,6,60,7350,1,,,2,,,41,,,38,,,6,,,4,,,60,,,40,,,7350,,,0,,
1970,2,212,,100,4.54,1,0,2,100,2,38,4,40,0,1,,,1,,,41,,,41,,,6,,,6,,,60,,,60,,,7350,,,7350,,
1970,2,212,,100,4.54,1,0,3,100,1,14,2,26,650,1,2,1,,,,41,38,41,,,,6,4,6,,,,60,40,60,,,,7350,0,7350,,,
1970,2,212,,100,4.54,1,0,4,100,2,18,6,60,0,1,2,1,,,,41,38,41,,,,6,4,6,,,,60,40,60,,,,7350,0,7350,,,
1970,2,212,,100,4.54,1,0,5,100,1,17,4,40,0,1,2,1,,,,41,38,41,,,,6,4,6,,,,60,40,60,,,,7350,0,7350,,,
1970,2,212,,100,4.54,1,0,6,100,2,12,2,23,9999999,1,2,1,,,,41,38,41,,,,6,4,6,,,,60,40,60,,,,7350,0,7350,,,
1970,2,212,,100,4.54,1,0,7,100,1,10,1,16,9999999,1,2,1,,,,41,38,41,,,,6,4,6,,,,60,40,60,,,,7350,0,7350,,,
1970,2,212,,100,4.54,1,0,8,100,2,15,2,25,2150,1,2,1,,,,41,38,41,,,,6,4,6,,,,60,40,60,,,,7350,0,7350,,,
1970,2,213,,100,4.54,1,0,1,100,2,55,2,22,1650,2,,,,,,55,,,,,,2,,,,,,22,,,,,,1650,,,,,
1970,2,213,,100,4.54,1,0,2,100,1,23,6,60,0,2,2,,,,,55,55,,,,,2,2,,,,,22,22,,,,,1650,1650,,,,
1970,2,213,,100,4.54,1,0,3,100,1,21,6,65,0,2,2,,,,,55,55,,,,,2,2,,,,,22,22,,,,,1650,1650,,,,
1970,2,213,,100,4.54,1,0,4,100,1,16,4,40,0,2,2,,,,,55,55,,,,,2,2,,,,,22,22,,,,,1650,1650,,,,
1970,2,213,,100,4.54,1,0,5,100,1,13,2,26,9999999,2,2,,,,,55,55,,,,,2,2,,,,,22,22,,,,,1650,1650,,,,
1970,2,213,,100,4.54,1,0,6,100,1,12,2,23,9999999,2,2,,,,,55,55,,,,,2,2,,,,,22,22,,,,,1650,1650,,,,
1970,2,214,,100,4.54,1,0,1,100,1,37,2,25,9550,1,,,2,,,37,,,47,,,2,,,6,,,25,,,60,,,9550,,,10650,,
1970,2,214,,100,4.54,1,0,2,100,2,47,6,60,10650,1,,,1,,,37,,,37,,,2,,,2,,,25,,,25,,,9550,,,9550,,
1970,2,214,,100,4.54,1,0,3,100,1,19,6,65,1950,1,2,1,,,,37,47,37,,,,2,6,2,,,,25,60,25,,,,9550,10650,9550,,,
1970,2,215,,100,4.54,1,0,1,100,1,52,6,60,15350,1,,,2,,,52,,,51,,,6,,,6,,,60,,,60,,,15350,,,0,,
1970,2,215,,100,4.54,1,0,2,100,2,51,6,60,0,1,,,1,,,52,,,52,,,6,,,6,,,60,,,60,,,15350,,,15350,,
1970,2,215,,100,4.54,1,0,3,100,1,26,6,60,5750,1,2,1,,,,52,51,52,,,,6,6,6,,,,60,60,60,,,,15350,0,15350,,,
1970,2,216,,100,4.54,1,0,1,100,1,50,10,100,6450,1,,,2,,,50,,,38,,,10,,,6,,,100,,,60,,,6450,,,2450,,
1970,2,216,,100,4.54,1,0,2,100,2,38,6,60,2450,1,,,1,,,50,,,50,,,10,,,10,,,100,,,100,,,6450,,,6450,,
1970,2,216,,100,4.54,1,0,3,100,1,17,4,40,650,1,2,1,,,,50,38,50,,,,10,6,10,,,,100,60,100,,,,6450,2450,6450,,,
1970,2,216,,100,4.54,1,0,4,100,1,16,4,40,950,1,2,1,,,,50,38,50,,,,10,6,10,,,,100,60,100,,,,6450,2450,6450,,,
1970,2,216,,100,4.54,1,0,5,100,1,14,2,26,150,1,2,1,,,,50,38,50,,,,10,6,10,,,,100,60,100,,,,6450,2450,6450,,,
1970,2,217,,100,4.54,1,0,1,100,1,39,6,60,11050,1,,,2,,,39,,,41,,,6,,,6,,,60,,,60,,,11050,,,1250,,
1970,2,217,,100,4.54,1,0,2,100,2,41,6,60,1250,1,,,1,,,39,,,39,,,6,,,6,,,60,,,60,,,11050,,,11050,,
1970,2,217,,100,4.54,1,0,3,100,1,17,4,40,0,1,2,1,,,,39,41,39,,,,6,6,6,,,,60,60,60,,,,11050,1250,11050,,,
1970,2,218,,100,4.54,1,0,1,100,1,29,6,60,17750,1,,,2,,,29,,,29,,,6,,,6,,,60,,,60,,,17750,,,0,,
1970,2,218,,100,4.54,1,0,2,100,2,29,6,60,0,1,,,1,,,29,,,29,,,6,,,6,,,60,,,60,,,17750,,,17750,,
1970,2,218,,100,4.54,1,0,3,100,1,6,1,12,9999999,1,2,1,,,,29,29,29,,,,6,6,6,,,,60,60,60,,,,17750,0,17750,,,
1970,2,218,,100,4.54,1,0,4,100,2,3,0,2,9999999,1,2,1,,,,29,29,29,,,,6,6,6,,,,60,60,60,,,,17750,0,17750,,,
1970,2,219,,100,4.54,1,0,1,100,1,30,9,90,10050,1,,,2,,,30,,,22,,,9,,,6,,,90,,,60,,,10050,,,6050,,
1970,2,219,,100,4.54,1,0,2,100,2,22,6,60,6050,1,,,1,,,30,,,30,,,9,,,9,,,90,,,90,,,10050,,,10050,,
1970,2,220,,100,4.54,1,0,1,100,1,34,10,100,12050,1,,,2,,,34,,,30,,,10,,,10,,,100,,,100,,,12050,,,0,,
1970,2,220,,100,4.54,1,0,2,100,2,30,10,100,0,1,,,1,,,34,,,34,,,10,,,10,,,100,,,100,,,12050,,,12050,,
1970,2,221,,100,4.54,1,0,1,100,1,28,10,100,35050,1,,,,,,28,,,,,,10,,,,,,100,,,,,,35050,,,,,
1970,2,222,,100,4.54,1,0,1,100,1,31,6,60,9850,1,,,2,,,31,,,26,,,6,,,7,,,60,,,70,,,9850,,,0,,
1970,2,222,,100,4.54,1,0,2,100,2,26,7,70,0,1,,,1,,,31,,,31,,,6,,,6,,,60,,,60,,,9850,,,9850,,
1970,2,222,,100,4.54,1,0,3,100,1,2,0,1,9999999,1,2,1,,,,31,26,31,,,,6,7,6,,,,60,70,60,,,,9850,0,9850,,,
1970,2,222,,100,4.54,1,0,4,100,2,0,0,1,9999999,1,2,1,,,,31,26,31,,,,6,7,6,,,,60,70,60,,,,9850,0,9850,,,
1970,2,223,,100,4.54,1,0,1,100,1,34,6,60,13250,1,,,2,,,34,,,30,,,6,,,6,,,60,,,60,,,13250,,,0,,
1970,2,223,,100,4.54,1,0,2,100,2,30,6,60,0,1,,,1,,,34,,,34,,,6,,,6,,,60,,,60,,,13250,,,13250,,
1970,2,223,,100,4.54,1,0,3,100,1,7,1,14,9999999,1,2,1,,,,34,30,34,,,,6,6,6,,,,60,60,60,,,,13250,0,13250,,,
1970,2,223,,100,4.54,1,0,4,100,1,5,0,2,9999999,1,2,1,,,,34,30,34,,,,6,6,6,,,,60,60,60,,,,13250,0,13250,,,
1970,2,223,,100,4.54,1,0,5,100,1,2,0,1,9999999,1,2,1,,,,34,30,34,,,,6,6,6,,,,60,60,60,,,,13250,0,13250,,,
1970,2,224,,100,4.54,1,0,1,100,1,52,8,80,15250,1,,,2,,,52,,,56,,,8,,,7,,,80,,,70,,,15250,,,0,,
1970,2,224,,100,4.54,1,0,2,100,2,56,7,70,0,1,,,1,,,52,,,52,,,8,,,8,,,80,,,80,,,15250,,,15250,,
1970,2,224,,100,4.54,1,0,3,100,2,19,6,60,3950,1,2,1,,,,52,56,52,,,,8,7,8,,,,80,70,80,,,,15250,0,15250,,,
1970,2,225,,100,4.54,1,0,1,100,1,34,7,70,14050,1,,,2,,,34,,,32,,,7,,,8,,,70,,,80,,,14050,,,0,,
1970,2,225,,100,4.54,1,0,2,100,2,32,8,80,0,1,,,1,,,34,,,34,,,7,,,7,,,70,,,70,,,14050,,,14050,,
1970,2,225,,100,4.54,1,0,3,100,2,8,1,15,9999999,1,2,1,,,,34,32,34,,,,7,8,7,,,,70,80,70,,,,14050,0,14050,,,
1970,2,225,,100,4.54,1,0,4,100,1,2,0,1,9999999,1,2,1,,,,34,32,34,,,,7,8,7,,,,70,80,70,,,,14050,0,14050,,,
1970,2,226,,100,4.54,1,0,1,100,1,39,7,70,15650,1,,,2,,,39,,,38,,,7,,,3,,,70,,,30,,,15650,,,0,,
1970,2,226,,100,4.54,1,0,2,100,2,38,3,30,0,1,,,1,,,39,,,39,,,7,,,7,,,70,,,70,,,15650,,,15650,,
1970,2,226,,100,4.54,1,0,3,100,2,11,1,17,9999999,1,2,1,,,,39,38,39,,,,7,3,7,,,,70,30,70,,,,15650,0,15650,,,
1970,2,226,,100,4.54,1,0,4,100,2,9,1,15,9999999,1,2,1,,,,39,38,39,,,,7,3,7,,,,70,30,70,,,,15650,0,15650,,,
1970,2,226,,100,4.54,1,0,5,100,2,5,0,2,9999999,1,2,1,,,,39,38,39,,,,7,3,7,,,,70,30,70,,,,15650,0,15650,,,
1970,2,226,,100,4.54,1,0,6,100,1,2,0,1,9999999,1,2,1,,,,39,38,39,,,,7,3,7,,,,70,30,70,,,,15650,0,15650,,,
1970,2,226,,100,4.54,1,0,7,100,1,1,0,1,9999999,1,2,1,,,,39,38,39,,,,7,3,7,,,,70,30,70,,,,15650,0,15650,,,
1970,2,227,,100,4.54,1,0,1,100,2,45,6,60,8050,2,,,,,,45,,,,,,6,,,,,,60,,,,,,8050,,,,,
1970,2,227,,100,4.54,1,0,2,100,2,17,5,50,1350,2,2,,,,,45,45,,,,,6,6,,,,,60,60,,,,,8050,8050,,,,
1970,2,227,,100,4.54,1,0,3,100,2,20,8,80,2050,2,2,,,,,45,45,,,,,6,6,,,,,60,60,,,,,8050,8050,,,,
1970,2,228,,100,4.54,1,0,1,100,1,60,8,80,18150,1,,,2,,,60,,,56,,,8,,,6,,,80,,,60,,,18150,,,250,,
1970,2,228,,100,4.54,1,0,2,100,2,56,6,60,250,1,,,1,,,60,,,60,,,8,,,8,,,80,,,80,,,18150,,,18150,,
1970,2,228,,100,4.54,1,0,3,100,2,62,2,26,0,1,,,,,,60,,,,,,8,,,,,,80,,,,,,18150,,,,,
1970,2,230,,100,4.54,1,0,1,100,2,63,7,70,4250,2,,,,,,63,,,,,,7,,,,,,70,,,,,,4250,,,,,
1970,2,230,,100,4.54,1,0,2,100,2,57,6,60,4350,2,,,,,,63,,,,,,7,,,,,,70,,,,,,4250,,,,,
1970,2,231,,100,4.54,1,0,1,100,2,65,5,50,2250,2,,,,,,65,,,,,,5,,,,,,50,,,,,,2250,,,,,
1970,2,232,,100,4.54,1,0,1,100,1,75,2,26,23850,1,,,2,,,75,,,58,,,2,,,6,,,26,,,60,,,23850,,,1850,,
1970,2,232,,100,4.54,1,0,2,100,2,58,6,60,1850,1,,,1,,,75,,,75,,,2,,,2,,,26,,,26,,,23850,,,23850,,
1970,2,233,,100,4.54,4,4,1,100,1,42,2,22,150,,,,,,,,,,,,,,,,,,,,,,,,,,,,,,
1970,2,234,,100,4.54,1,0,1,100,1,50,1,17,3850,1,,,,,,50,,,,,,1,,,,,,17,,,,,,3850,,,,,
1970,2,235,,100,4.54,1,0,1,100,2,22,5,50,1050,2,,,,,,22,,,,,,5,,,,,,50,,,,,,1050,,,,,
1970,2,235,,100,4.54,1,0,2,100,1,3,0,2,9999999,2,2,,,,,22,22,,,,,5,5,,,,,50,50,,,,,1050,1050,,,,
1970,2,235,,100,4.54,1,0,3,100,2,20,6,60,3450,2,,,,,,22,,,,,,5,,,,,,50,,,,,,1050,,,,,
1970,2,235,,100,4.54,1,0,4,100,1,1,0,1,9999999,2,2,,,,,22,20,,,,,5,6,,,,,50,60,,,,,1050,3450,,,,
1970,2,236,,100,4.54,1,0,1,100,2,79,2,26,2150,2,,,,,,79,,,,,,2,,,,,,26,,,,,,2150,,,,,
1970,2,237,,100,4.54,1,0,1,100,2,45,3,30,2150,2,,,,,,45,,,,,,3,,,,,,30,,,,,,2150,,,,,
1970,2,237,,100,4.54,1,0,2,100,2,12,2,22,9999999,2,,,,,,45,,,,,,3,,,,,,30,,,,,,2150,,,,,
1970,2,238,,100,4.54,1,0,1,100,2,40,6,60,2750,2,,,,,,40,,,,,,6,,,,,,60,,,,,,2750,,,,,
1970,2,238,,100,4.54,1,0,2,100,1,18,6,60,650,2,2,,,,,40,40,,,,,6,6,,,,,60,60,,,,,2750,2750,,,,
1970,2,238,,100,4.54,1,0,3,100,1,17,3,30,350,2,2,,,,,40,40,,,,,6,6,,,,,60,60,,,,,2750,2750,,,,
1970,2,238,,100,4.54,1,0,4,100,1,13,2,25,9999999,2,2,,,,,40,40,,,,,6,6,,,,,60,60,,,,,2750,2750,,,,
1970,2,238,,100,4.54,1,0,5,100,1,11,1,17,9999999,2,2,,,,,40,40,,,,,6,6,,,,,60,60,,,,,2750,2750,,,,
1970,2,238,,100,4.54,1,0,6,100,2,10,1,17,9999999,2,2,,,,,40,40,,,,,6,6,,,,,60,60,,,,,2750,2750,,,,
1970,2,238,,100,4.54,1,0,7,100,2,9,1,15,9999999,2,2,,,,,40,40,,,,,6,6,,,,,60,60,,,,,2750,2750,,,,
1970,2,240,,100,4.54,1,0,1,100,1,49,4,40,350,1,,,2,,,49,,,54,,,4,,,5,,,40,,,50,,,350,,,750,,
1970,2,240,,100,4.54,1,0,2,100,2,54,5,50,750,1,,,1,,,49,,,49,,,4,,,4,,,40,,,40,,,350,,,350,,
1970,2,240,,100,4.54,1,0,3,100,2,2,0,1,9999999,1,2,1,,,,49,54,49,,,,4,5,4,,,,40,50,40,,,,350,750,350,,,
1970,2,241,,100,4.54,1,0,1,100,1,65,2,26,5550,1,,,2,,,65,,,49,,,2,,,4,,,26,,,40,,,5550,,,5350,,
1970,2,241,,100,4.54,1,0,2,100,2,49,4,40,5350,1,,,1,,,65,,,65,,,2,,,2,,,26,,,26,,,5550,,,5550,,
1970,2,241,,100,4.54,1,0,3,100,1,21,6,65,7550,1,2,1,,,,65,49,65,,,,2,4,2,,,,26,40,26,,,,5550,5350,5550,,,
1970,2,241,,100,4.54,1,0,4,100,2,19,5,50,550,1,2,1,,,,65,49,65,,,,2,4,2,,,,26,40,26,,,,5550,5350,5550,,,
1970,2,241,,100,4.54,1,0,5,100,2,74,6,60,650,1,,,,,,65,,,,,,2,,,,,,26,,,,,,5550,,,,,
1970,2,242,,100,4.54,1,0,1,100,1,72,7,70,1250,1,,,2,,,72,,,62,,,7,,,2,,,70,,,23,,,1250,,,350,,
1970,2,242,,100,4.54,1,0,2,100,2,62,2,23,350,1,,,1,,,72,,,72,,,7,,,7,,,70,,,70,,,1250,,,1250,,
1970,2,243,,100,4.54,1,0,1,100,1,28,6,60,12050,1,,,2,,,28,,,28,,,6,,,6,,,60,,,60,,,12050,,,1550,,
1970,2,243,,100,4.54,1,0,2,100,2,28,6,60,1550,1,,,1,,,28,,,28,,,6,,,6,,,60,,,60,,,12050,,,12050,,
1970,2,243,,100,4.54,1,0,3,100,1,6,1,11,9999999,1,2,1,,,,28,28,28,,,,6,6,6,,,,60,60,60,,,,12050,1550,12050,,,
1970,2,243,,100,4.54,1,0,4,100,2,4,1,11,9999999,1,2,1,,,,28,28,28,,,,6,6,6,,,,60,60,60,,,,12050,1550,12050,,,
1970,2,243,,100,4.54,1,0,5,100,2,0,0,1,9999999,1,2,1,,,,28,28,28,,,,6,6,6,,,,60,60,60,,,,12050,1550,12050,,,
1970,2,244,,100,4.54,1,0,1,100,1,28,6,60,8050,1,,,,,,28,,,,,,6,,,,,,60,,,,,,8050,,,,,
1970,2,244,,100,4.54,1,0,2,100,2,25,6,60,6550,1,,,,,,28,,,,,,6,,,,,,60,,,,,,8050,,,,,
1970,2,245,,100,4.54,1,0,1,100,1,44,4,40,10050,1,,,2,,,44,,,43,,,4,,,4,,,40,,,40,,,10050,,,1450,,
1970,2,245,,100,4.54,1,0,2,100,2,43,4,40,1450,1,,,1,,,44,,,44,,,4,,,4,,,40,,,40,,,10050,,,10050,,
1970,2,245,,100,4.54,1,0,3,100,2,18,6,65,2750,1,2,1,,,,44,43,44,,,,4,4,4,,,,40,40,40,,,,10050,1450,10050,,,
1970,2,245,,100,4.54,1,0,4,100,1,11,1,17,9999999,1,2,1,,,,44,43,44,,,,4,4,4,,,,40,40,40,,,,10050,1450,10050,,,
1970,2,246,,100,4.54,1,0,1,100,1,27,10,100,5050,1,,,,,,27,,,,,,10,,,,,,100,,,,,,5050,,,,,
1970,2,246,,100,4.54,1,0,2,100,1,23,9,90,7350,1,,,,,,27,,,,,,10,,,,,,100,,,,,,5050,,,,,
1970,2,247,,100,4.54,1,0,1,100,1,59,4,40,350,1,,,,,,59,,,,,,4,,,,,,40,,,,,,350,,,,,
1970,2,247,,100,4.54,1,0,2,100,2,52,4,40,7350,1,,,,,,59,,,,,,4,,,,,,40,,,,,,350,,,,,
1970,2,248,,100,4.54,1,0,1,100,1,57,4,40,10750,1,,,2,,,57,,,38,,,4,,,6,,,40,,,60,,,10750,,,0,,
1970,2,248,,100,4.54,1,0,2,100,2,38,6,60,0,1,,,1,,,57,,,57,,,4,,,4,,,40,,,40,,,10750,,,10750,,
1970,2,248,,100,4.54,1,0,3,100,2,16,2,23,0,1,2,1,,,,57,38,57,,,,4,6,4,,,,40,60,40,,,,10750,0,10750,,,
1970,2,248,,100,4.54,1,0,4,100,2,4,0,2,9999999,1,2,1,,,,57,38,57,,,,4,6,4,,,,40,60,40,,,,10750,0,10750,,,
1970,2,248,,100,4.54,1,0,5,100,2,8,1,14,9999999,1,2,1,,,,57,38,57,,,,4,6,4,,,,40,60,40,,,,10750,0,10750,,,
1970,2,250,,100,4.54,1,0,1,100,1,59,6,60,7050,1,,,,,,59,,,,,,6,,,,,,60,,,,,,7050,,,,,
1970,2,251,,100,4.54,1,0,1,100,1,41,6,60,10050,1,,,2,,,41,,,33,,,6,,,6,,,60,,,60,,,10050,,,0,,
1970,2,251,,100,4.54,1,0,2,100,2,33,6,60,0,1,,,1,,,41,,,41,,,6,,,6,,,60,,,60,,,10050,,,10050,,
1970,2,251,,100,4.54,1,0,3,100,1,10,2,22,9999999,1,2,1,,,,41,33,41,,,,6,6,6,,,,60,60,60,,,,10050,0,10050,,,
1970,2,251,,100,4.54,1,0,4,100,1,6,1,11,9999999,1,2,1,,,,41,33,41,,,,6,6,6,,,,60,60,60,,,,10050,0,10050,,,
1970,2,252,,100,4.54,1,0,1,100,1,51,2,26,10050,1,,,2,,,51,,,46,,,2,,,2,,,26,,,26,,,10050,,,0,,
1970,2,252,,100,4.54,1,0,2,100,2,46,2,26,0,1,,,1,,,51,,,51,,,2,,,2,,,26,,,26,,,10050,,,10050,,
1970,2,252,,100,4.54,1,0,3,100,1,15,2,26,0,1,2,1,,,,51,46,51,,,,2,2,2,,,,26,26,26,,,,10050,0,10050,,,
1970,2,253,,100,4.54,1,0,1,100,2,47,6,60,8050,2,,,,,,47,,,,,,6,,,,,,60,,,,,,8050,,,,,
1970,2,254,,100,4.54,1,0,1,100,1,33,8,80,6050,1,,,2,,,33,,,41,,,8,,,6,,,80,,,60,,,6050,,,5050,,
1970,2,254,,100,4.54,1,0,2,100,2,41,6,60,5050,1,,,1,,,33,,,33,,,8,,,8,,,80,,,80,,,6050,,,6050,,
1970,2,254,,100,4.54,1,0,3,100,1,15,3,30,150,1,2,1,,,,33,41,33,,,,8,6,8,,,,80,60,80,,,,6050,5050,6050,,,
1970,2,254,,100,4.54,1,0,4,100,1,14,2,26,0,1,2,1,,,,33,41,33,,,,8,6,8,,,,80,60,80,,,,6050,5050,6050,,,
1970,2,254,,100,4.54,1,0,5,100,2,12,2,23,9999999,1,2,1,,,,33,41,33,,,,8,6,8,,,,80,60,80,,,,6050,5050,6050,,,
1970,2,254,,100,4.54,1,0,6,100,2,47,8,80,6050,1,,,,,,33,,,,,,8,,,,,,80,,,,,,6050,,,,,
1970,2,255,,100,4.54,1,0,1,100,1,42,6,60,20050,1,,,2,,,42,,,36,,,6,,,10,,,60,,,100,,,20050,,,13150,,
1970,2,255,,100,4.54,1,0,2,100,2,36,10,100,13150,1,,,1,,,42,,,42,,,6,,,6,,,60,,,60,,,20050,,,20050,,
1970,2,256,,100,4.54,1,0,1,100,1,62,11,111,16950,1,,,2,,,62,,,57,,,11,,,10,,,111,,,100,,,16950,,,50,,
1970,2,256,,100,4.54,1,0,2,100,2,57,10,100,50,1,,,1,,,62,,,62,,,11,,,11,,,111,,,111,,,16950,,,16950,,
1970,2,256,,100,4.54,1,0,3,100,2,19,7,70,850,1,2,1,,,,62,57,62,,,,11,10,11,,,,111,100,111,,,,16950,50,16950,,,
1970,2,257,,100,4.54,1,0,1,100,1,38,11,111,23050,1,,,2,,,38,,,37,,,11,,,9,,,111,,,90,,,23050,,,0,,
1970,2,257,,100,4.54,1,0,2,100,2,37,9,90,0,1,,,1,,,38,,,38,,,11,,,11,,,111,,,111,,,23050,,,23050,,
1970,2,257,,100,4.54,1,0,3,100,2,14,2,26,0,1,2,1,,,,38,37,38,,,,11,9,11,,,,111,90,111,,,,23050,0,23050,,,
1970,2,257,,100,4.54,1,0,4,100,2,11,2,22,9999999,1,2,1,,,,38,37,38,,,,11,9,11,,,,111,90,111,,,,23050,0,23050,,,
1970,2,257,,100,4.54,1,0,5,100,1,9,1,16,9999999,1,2,1,,,,38,37,38,,,,11,9,11,,,,111,90,111,,,,23050,0,23050,,,
1970,2,258,,100,4.54,1,0,1,100,1,38,6,65,3050,1,,,,,,38,,,,,,6,,,,,,65,,,,,,3050,,,,,
1970,2,259,,100,4.54,1,0,1,100,2,69,3,30,4150,2,,,,,,69,,,,,,3,,,,,,30,,,,,,4150,,,,,
1970,2,259,,100,4.54,1,0,2,100,1,26,2,23,1650,2,,,,,,69,,,,,,3,,,,,,30,,,,,,4150,,,,,
1970,2,260,,100,4.54,3,0,1,100,2,89,6,60,850,,,,,,,,,,,,,,,,,,,,,,,,,,,,,,
1970,2,261,,100,4.54,1,0,1,100,1,36,6,60,11450,1,,,2,,,36,,,35,,,6,,,6,,,60,,,60,,,11450,,,250,,
1970,2,261,,100,4.54,1,0,2,100,2,35,6,60,250,1,,,1,,,36,,,36,,,6,,,6,,,60,,,60,,,11450,,,11450,,
1970,2,261,,100,4.54,1,0,3,100,2,8,1,14,9999999,1,2,1,,,,36,35,36,,,,6,6,6,,,,60,60,60,,,,11450,250,11450,,,
1970,2,261,,100,4.54,1,0,4,100,2,5,0,2,9999999,1,2,1,,,,36,35,36,,,,6,6,6,,,,60,60,60,,,,11450,250,11450,,,
1970,2,262,,100,4.54,1,0,1,100,1,59,6,60,18250,1,,,2,,,59,,,51,,,6,,,6,,,60,,,60,,,18250,,,0,,
1970,2,262,,100,4.54,1,0,2,100,2,51,6,60,0,1,,,1,,,59,,,59,,,6,,,6,,,60,,,60,,,18250,,,18250,,
1970,2,263,,100,4.54,1,0,1,100,1,48,6,60,10050,1,,,2,,,48,,,47,,,6,,,3,,,60,,,30,,,10050,,,0,,
1970,2,263,,100,4.54,1,0,2,100,2,47,3,30,0,1,,,1,,,48,,,48,,,6,,,6,,,60,,,60,,,10050,,,10050,,
1970,2,263,,100,4.54,1,0,3,100,1,20,6,60,0,1,2,1,,,,48,47,48,,,,6,3,6,,,,60,30,60,,,,10050,0,10050,,,
1970,2,263,,100,4.54,1,0,4,100,1,14,2,23,0,1,2,1,,,,48,47,48,,,,6,3,6,,,,60,30,60,,,,10050,0,10050,,,
1970,2,263,,100,4.54,1,0,5,100,2,11,1,16,9999999,1,2,1,,,,48,47,48,,,,6,3,6,,,,60,30,60,,,,10050,0,10050,,,
1970,2,264,,100,4.54,1,0,1,100,1,34,11,110,10850,1,,,2,,,34,,,34,,,11,,,11,,,110,,,110,,,10850,,,150,,
1970,2,264,,100,4.54,1,0,2,100,2,34,11,110,150,1,,,1,,,34,,,34,,,11,,,11,,,110,,,110,,,10850,,,10850,,
1970,2,264,,100,4.54,1,0,3,100,2,5,1,11,9999999,1,2,1,,,,34,34,34,,,,11,11,11,,,,110,110,110,,,,10850,150,10850,,,
1970,2,264,,100,4.54,1,0,4,100,2,2,0,1,9999999,1,2,1,,,,34,34,34,,,,11,11,11,,,,110,110,110,,,,10850,150,10850,,,
1970,2,265,,100,4.54,1,0,1,100,1,67,8,80,5450,1,,,2,,,67,,,62,,,8,,,7,,,80,,,70,,,5450,,,11550,,
1970,2,265,,100,4.54,1,0,2,100,2,62,7,70,11550,1,,,1,,,67,,,67,,,8,,,8,,,80,,,80,,,5450,,,5450,,
1970,2,265,,100,4.54,1,0,3,100,1,21,8,80,0,1,2,1,,,,67,62,67,,,,8,7,8,,,,80,70,80,,,,5450,11550,5450,,,
1970,2,266,,100,4.54,1,0,1,100,1,77,4,40,15750,1,,,2,,,77,,,74,,,4,,,6,,,40,,,60,,,15750,,,2250,,
1970,2,266,,100,4.54,1,0,2,100,2,74,6,60,2250,1,,,1,,,77,,,77,,,4,,,4,,,40,,,40,,,15750,,,15750,,
1970,2,267,,100,4.54,1,0,1,100,1,53,6,60,12050,1,,,2,,,53,,,52,,,6,,,6,,,60,,,60,,,12050,,,3550,,
1970,2,267,,100,4.54,1,0,2,100,2,52,6,60,3550,1,,,1,,,53,,,53,,,6,,,6,,,60,,,60,,,12050,,,12050,,
1970,2,267,,100,4.54,1,0,3,100,2,20,8,80,2550,1,2,1,,,,53,52,53,,,,6,6,6,,,,60,60,60,,,,12050,3550,12050,,,
1970,2,268,,100,4.54,1,0,1,100,1,39,11,111,1650,1,,,2,,,39,,,37,,,11,,,10,,,111,,,100,,,1650,,,3350,,
1970,2,268,,100,4.54,1,0,2,100,2,37,10,100,3350,1,,,1,,,39,,,39,,,11,,,11,,,111,,,111,,,1650,,,1650,,
1970,2,268,,100,4.54,1,0,3,100,1,6,1,12,9999999,1,2,1,,,,39,37,39,,,,11,10,11,,,,111,100,111,,,,1650,3350,1650,,,
1970,2,269,,100,4.54,1,0,1,100,2,50,2,26,2850,2,,,,,,50,,,,,,2,,,,,,26,,,,,,2850,,,,,
1970,2,269,,100,4.54,1,0,2,100,2,17,3,30,2750,2,2,,,,,50,50,,,,,2,2,,,,,26,26,,,,,2850,2850,,,,
1970,2,269,,100,4.54,1,0,3,100,1,26,2,25,0,2,,,,,,50,,,,,,2,,,,,,26,,,,,,2850,,,,,
1970,2,269,,100,4.54,1,0,4,100,1,26,1,17,13250,2,,,,,,50,,,,,,2,,,,,,26,,,,,,2850,,,,,
1970,2,269,,100,4.54,1,0,5,100,1,26,1,15,13250,2,,,,,,50,,,,,,2,,,,,,26,,,,,,2850,,,,,
1970,2,270,,100,4.54,1,0,1,100,1,44,7,70,7150,1,,,2,,,44,,,48,,,7,,,8,,,70,,,80,,,7150,,,2650,,
1970,2,270,,100,4.54,1,0,2,100,2,48,8,80,2650,1,,,1,,,44,,,44,,,7,,,7,,,70,,,70,,,7150,,,7150,,
1970,2,270,,100,4.54,1,0,3,100,2,12,2,22,9999999,1,2,1,,,,44,48,44,,,,7,8,7,,,,70,80,70,,,,7150,2650,7150,,,
1970,2,270,,100,4.54,1,0,4,100,2,10,1,17,9999999,1,2,1,,,,44,48,44,,,,7,8,7,,,,70,80,70,,,,7150,2650,7150,,,
1970,2,271,,100,4.54,1,0,1,100,1,34,11,111,5550,1,,,2,,,34,,,29,,,11,,,11,,,111,,,111,,,5550,,,8250,,
1970,2,271,,100,4.54,1,0,2,100,2,29,11,111,8250,1,,,1,,,34,,,34,,,11,,,11,,,111,,,111,,,5550,,,5550,,
1970,2,271,,100,4.54,1,0,3,100,2,2,0,1,9999999,1,2,1,,,,34,29,34,,,,11,11,11,,,,111,111,111,,,,5550,8250,5550,,,
1970,2,272,,100,4.54,1,0,1,100,1,43,11,110,10850,1,,,2,,,43,,,34,,,11,,,11,,,110,,,111,,,10850,,,11550,,
1970,2,272,,100,4.54,1,0,2,100,2,34,11,111,11550,1,,,1,,,43,,,43,,,11,,,11,,,110,,,110,,,10850,,,10850,,
1970,2,272,,100,4.54,1,0,3,100,2,9,1,17,9999999,1,2,1,,,,43,34,43,,,,11,11,11,,,,110,111,110,,,,10850,11550,10850,,,
1970,2,273,,100,4.54,1,0,1,100,2,28,2,26,4150,2,2,,,,,28,59,,,,,2,2,,,,,26,23,,,,,4150,0,,,,
1970,2,273,,100,4.54,1,0,2,100,1,7,1,14,9999999,2,2,,,,,28,28,,,,,2,2,,,,,26,26,,,,,4150,4150,,,,
1970,2,273,,100,4.54,1,0,3,100,2,59,2,23,0,2,,,,,,28,,,,,,2,,,,,,26,,,,,,4150,,,,,
1970,2,274,,100,4.54,1,0,1,100,1,38,2,26,5050,1,,,2,,,38,,,35,,,2,,,6,,,26,,,60,,,5050,,,4050,,
1970,2,274,,100,4.54,1,0,2,100,2,35,6,60,4050,1,,,1,,,38,,,38,,,2,,,2,,,26,,,26,,,5050,,,5050,,
1970,2,274,,100,4.54,1,0,3,100,2,15,3,30,350,1,2,1,,,,38,35,38,,,,2,6,2,,,,26,60,26,,,,5050,4050,5050,,,
1970,2,274,,100,4.54,1,0,4,100,2,14,2,25,0,1,2,1,,,,38,35,38,,,,2,6,2,,,,26,60,26,,,,5050,4050,5050,,,
1970,2,274,,100,4.54,1,0,5,100,1,9,1,15,9999999,1,2,1,,,,38,35,38,,,,2,6,2,,,,26,60,26,,,,5050,4050,5050,,,
1970,2,274,,100,4.54,1,0,6,100,1,8,1,14,9999999,1,2,1,,,,38,35,38,,,,2,6,2,,,,26,60,26,,,,5050,4050,5050,,,
1970,2,275,,100,4.54,1,0,1,100,1,72,1,14,0,1,,,,,,72,,,,,,1,,,,,,14,,,,,,0,,,,,
1970,2,276,,100,4.54,1,0,1,100,2,27,3,30,3250,2,,,,,,27,,,,,,3,,,,,,30,,,,,,3250,,,,,
1970,2,276,,100,4.54,1,0,2,100,2,9,1,16,9999999,2,2,,,,,27,27,,,,,3,3,,,,,30,30,,,,,3250,3250,,,,
1970,2,276,,100,4.54,1,0,3,100,1,8,1,15,9999999,2,2,,,,,27,27,,,,,3,3,,,,,30,30,,,,,3250,3250,,,,
1970,2,276,,100,4.54,1,0,4,100,1,7,1,14,9999999,2,2,,,,,27,27,,,,,3,3,,,,,30,30,,,,,3250,3250,,,,
1970,2,276,,100,4.54,1,0,5,100,1,6,1,11,9999999,2,2,,,,,27,27,,,,,3,3,,,,,30,30,,,,,3250,3250,,,,
1970,2,276,,100,4.54,1,0,6,100,1,4,0,2,9999999,2,2,,,,,27,27,,,,,3,3,,,,,30,30,,,,,3250,3250,,,,
1970,2,276,,100,4.54,1,0,7,100,2,3,0,2,9999999,2,2,,,,,27,27,,,,,3,3,,,,,30,30,,,,,3250,3250,,,,
1970,2,277,,100,4.54,1,0,1,100,1,74,2,26,4450,1,,,2,,,74,,,58,,,2,,,2,,,26,,,26,,,4450,,,4450,,
1970,2,277,,100,4.54,1,0,2,100,2,58,2,26,4450,1,,,1,,,74,,,74,,,2,,,2,,,26,,,26,,,4450,,,4450,,
1970,2,278,,100,4.54,1,0,1,100,1,34,3,30,9350,1,,,2,,,34,,,24,,,3,,,6,,,30,,,60,,,9350,,,0,,
1970,2,278,,100,4.54,1,0,2,100,2,24,6,60,0,1,,,1,,,34,,,34,,,3,,,3,,,30,,,30,,,9350,,,9350,,
1970,2,279,,100,4.54,1,0,1,100,2,64,6,60,7550,2,,,,,,64,,,,,,6,,,,,,60,,,,,,7550,,,,,
1970,2,280,,100,4.54,1,0,1,100,1,48,6,60,7550,1,,,,,,48,,,,,,6,,,,,,60,,,,,,7550,,,,,
1970,2,281,,100,4.54,1,0,1,100,1,47,11,110,9250,1,,,2,,,47,,,40,,,11,,,6,,,110,,,60,,,9250,,,4450,,
1970,2,281,,100,4.54,1,0,2,100,2,40,6,60,4450,1,,,1,,,47,,,47,,,11,,,11,,,110,,,110,,,9250,,,9250,,
1970,2,281,,100,4.54,1,0,3,100,1,16,4,40,0,1,2,1,,,,47,40,47,,,,11,6,11,,,,110,60,110,,,,9250,4450,9250,,,
1970,2,281,,100,4.54,1,0,4,100,1,12,2,22,9999999,1,2,1,,,,47,40,47,,,,11,6,11,,,,110,60,110,,,,9250,4450,9250,,,
1970,2,282,,100,4.54,1,0,1,100,1,36,2,26,5250,1,,,,,,36,,,,,,2,,,,,,26,,,,,,5250,,,,,
1970,2,282,,100,4.54,1,0,2,100,1,39,2,26,5050,1,,,,,,36,,,,,,2,,,,,,26,,,,,,5250,,,,,
1970,2,282,,100,4.54,1,0,3,100,2,77,2,23,650,1,,,,,,36,,,,,,2,,,,,,26,,,,,,5250,,,,,
1970,2,282,,100,4.54,1,0,4,100,1,47,4,40,0,1,,,,,,36,,,,,,2,,,,,,26,,,,,,5250,,,,,
1970,2,282,,100,4.54,1,0,5,100,2,14,2,26,2450,1,,1,,,,36,,47,,,,2,,4,,,,26,,40,,,,5250,,0,,,
1970,2,282,,100,4.54,1,0,6,100,2,10,1,16,9999999,1,,1,,,,36,,47,,,,2,,4,,,,26,,40,,,,5250,,0,,,
1970,2,282,,100,4.54,1,0,7,100,1,8,1,14,9999999,1,,1,,,,36,,47,,,,2,,4,,,,26,,40,,,,5250,,0,,,
1970,2,283,,100,4.54,1,0,1,100,2,23,8,80,7850,2,,,,,,23,,,,,,8,,,,,,80,,,,,,7850,,,,,
1970,2,283,,100,4.54,1,0,2,100,2,18,4,40,0,2,,,,,,23,,,,,,8,,,,,,80,,,,,,7850,,,,,
1970,2,284,,100,4.54,1,0,1,100,2,31,1,16,6250,2,,,,,,31,,,,,,1,,,,,,16,,,,,,6250,,,,,
1970,2,284,,100,4.54,1,0,2,100,1,5,0,2,9999999,2,2,,,,,31,31,,,,,1,1,,,,,16,16,,,,,6250,6250,,,,
1970,2,284,,100,4.54,1,0,3,100,2,4,0,2,9999999,2,2,,,,,31,31,,,,,1,1,,,,,16,16,,,,,6250,6250,,,,
1970,2,285,,100,4.54,1,0,1,100,1,49,2,26,9050,1,,,2,,,49,,,50,,,2,,,2,,,26,,,26,,,9050,,,1550,,
1970,2,285,,100,4.54,1,0,2,100,2,50,2,26,1550,1,,,1,,,49,,,49,,,2,,,2,,,26,,,26,,,9050,,,9050,,
1970,2,286,,100,4.54,1,0,1,100,2,61,2,26,8450,2,,,,,,61,,,,,,2,,,,,,26,,,,,,8450,,,,,
1970,2,287,,100,4.54,1,0,1,100,2,14,2,26,0,2,,,,,,14,,,,,,2,,,,,,26,,,,,,0,,,,,
1970,2,287,,100,4.54,1,0,2,100,1,10,1,17,9999999,2,2,,,,,14,14,,,,,2,2,,,,,26,26,,,,,0,0,,,,
1970,2,287,,100,4.54,1,0,3,100,1,12,1,17,9999999,2,,,,,,14,,,,,,2,,,,,,26,,,,,,0,,,,,
1970,2,287,,100,4.54,1,0,4,100,1,9,1,16,9999999,2,,,,,,14,,,,,,2,,,,,,26,,,,,,0,,,,,
1970,2,287,,100,4.54,1,0,5,100,1,5,1,12,9999999,2,,,,,,14,,,,,,2,,,,,,26,,,,,,0,,,,,
1970,2,287,,100,4.54,1,0,6,100,1,48,2,25,6450,2,,,,,,14,,,,,,2,,,,,,26,,,,,,0,,,,,
1970,2,287,,100,4.54,1,0,7,100,2,2,0,1,9999999,2,,,,,,14,,,,,,2,,,,,,26,,,,,,0,,,,,
1970,2,288,,100,4.54,1,0,1,100,1,58,4,40,8050,1,,,2,,,58,,,53,,,4,,,6,,,40,,,60,,,8050,,,7050,,
1970,2,288,,100,4.54,1,0,2,100,2,53,6,60,7050,1,,,1,,,58,,,58,,,4,,,4,,,40,,,40,,,8050,,,8050,,
1970,2,289,,100,4.54,1,0,1,100,1,67,3,30,14750,1,,,,,,67,,,,,,3,,,,,,30,,,,,,14750,,,,,
1970,2,290,,100,4.54,1,0,1,100,1,73,2,25,1950,1,,,2,,,73,,,68,,,2,,,2,,,25,,,25,,,1950,,,650,,
1970,2,290,,100,4.54,1,0,2,100,2,68,2,25,650,1,2,,1,,,73,89,,73,,,2,2,,2,,,25,25,,25,,,1950,850,,1950,,
1970,2,290,,100,4.54,1,0,3,100,2,89,2,25,850,1,,,,,,73,,,,,,2,,,,,,25,,,,,,1950,,,,,
1970,2,291,,100,4.54,1,0,1,100,1,68,2,26,3450,1,,,2,,,68,,,65,,,2,,,4,,,26,,,40,,,3450,,,1750,,
1970,2,291,,100,4.54,1,0,2,100,2,65,4,40,1750,1,,,1,,,68,,,68,,,2,,,2,,,26,,,26,,,3450,,,3450,,
1970,2,292,,100,4.54,1,0,1,100,1,29,6,60,12050,1,,,2,,,29,,,28,,,6,,,6,,,60,,,60,,,12050,,,4050,,
1970,2,292,,100,4.54,1,0,2,100,2,28,6,60,4050,1,,,1,,,29,,,29,,,6,,,6,,,60,,,60,,,12050,,,12050,,
1970,2,292,,100,4.54,1,0,3,100,2,7,1,12,9999999,1,2,1,,,,29,28,29,,,,6,6,6,,,,60,60,60,,,,12050,4050,12050,,,
1970,2,292,,100,4.54,1,0,4,100,1,6,1,11,9999999,1,2,1,,,,29,28,29,,,,6,6,6,,,,60,60,60,,,,12050,4050,12050,,,
1970,2,292,,100,4.54,1,0,5,100,1,3,0,2,9999999,1,2,1,,,,29,28,29,,,,6,6,6,,,,60,60,60,,,,12050,4050,12050,,,
1970,2,293,,100,4.54,1,0,1,100,2,63,6,60,9950,2,,,,,,63,,,,,,6,,,,,,60,,,,,,9950,,,,,
1970,2,294,,100,4.54,1,0,1,100,1,42,6,60,30150,1,,,2,,,42,,,39,,,6,,,7,,,60,,,70,,,30150,,,1050,,
1970,2,294,,100,4.54,1,0,2,100,2,39,7,70,1050,1,,,1,,,42,,,42,,,6,,,6,,,60,,,60,,,30150,,,30150,,
1970,2,294,,100,4.54,1,0,3,100,2,16,4,40,450,1,2,1,,,,42,39,42,,,,6,7,6,,,,60,70,60,,,,30150,1050,30150,,,
1970,2,294,,100,4.54,1,0,4,100,1,15,3,30,450,1,2,1,,,,42,39,42,,,,6,7,6,,,,60,70,60,,,,30150,1050,30150,,,
1970,2,294,,100,4.54,1,0,5,100,1,14,2,26,0,1,2,1,,,,42,39,42,,,,6,7,6,,,,60,70,60,,,,30150,1050,30150,,,
1970,2,294,,100,4.54,1,0,6,100,1,11,2,22,9999999,1,2,1,,,,42,39,42,,,,6,7,6,,,,60,70,60,,,,30150,1050,30150,,,
1970,2,294,,100,4.54,1,0,7,100,2,9,1,16,9999999,1,2,1,,,,42,39,42,,,,6,7,6,,,,60,70,60,,,,30150,1050,30150,,,
1970,2,295,,100,4.54,1,0,1,100,1,70,5,50,450,1,,,2,,,70,,,70,,,5,,,5,,,50,,,50,,,450,,,150,,
1970,2,295,,100,4.54,1,0,2,100,2,70,5,50,150,1,,,1,,,70,,,70,,,5,,,5,,,50,,,50,,,450,,,450,,
1970,2,296,,100,4.54,1,0,1,100,1,47,5,50,7050,1,,,2,,,47,,,44,,,5,,,5,,,50,,,50,,,7050,,,4550,,
1970,2,296,,100,4.54,1,0,2,100,2,44,5,50,4550,1,2,,1,,,47,71,,47,,,5,4,,5,,,50,40,,50,,,7050,650,,7050,,
1970,2,296,,100,4.54,1,0,3,100,2,71,4,40,650,1,,,,,,47,,,,,,5,,,,,,50,,,,,,7050,,,,,
1970,2,296,,100,4.54,1,0,4,100,1,17,5,50,550,1,2,1,,,,47,44,47,,,,5,5,5,,,,50,50,50,,,,7050,4550,7050,,,
1970,2,297,,100,4.54,1,0,1,100,1,33,10,100,17650,1,,,2,,,33,,,33,,,10,,,10,,,100,,,100,,,17650,,,0,,
1970,2,297,,100,4.54,1,0,2,100,2,33,10,100,0,1,,,1,,,33,,,33,,,10,,,10,,,100,,,100,,,17650,,,17650,,
1970,2,297,,100,4.54,1,0,3,100,1,8,1,15,9999999,1,2,1,,,,33,33,33,,,,10,10,10,,,,100,100,100,,,,17650,0,17650,,,
1970,2,297,,100,4.54,1,0,4,100,2,1,0,1,9999999,1,2,1,,,,33,33,33,,,,10,10,10,,,,100,100,100,,,,17650,0,17650,,,
1970,2,297,,100,4.54,1,0,5,100,2,4,1,11,9999999,1,2,1,,,,33,33,33,,,,10,10,10,,,,100,100,100,,,,17650,0,17650,,,
1970,2,298,,100,4.54,1,0,1,100,1,49,2,26,14050,1,,,2,,,49,,,46,,,2,,,6,,,26,,,60,,,14050,,,7450,,
1970,2,298,,100,4.54,1,0,2,100,2,46,6,60,7450,1,,,1,,,49,,,49,,,2,,,2,,,26,,,26,,,14050,,,14050,,
1970,2,298,,100,4.54,1,0,3,100,2,13,2,23,9999999,1,2,1,,,,49,46,49,,,,2,6,2,,,,26,60,26,,,,14050,7450,14050,,,
1970,2,299,,100,4.54,1,0,1,100,1,47,6,60,15750,1,,,2,,,47,,,46,,,6,,,6,,,60,,,60,,,15750,,,4850,,
1970,2,299,,100,4.54,1,0,2,100,2,46,6,60,4850,1,,,1,,,47,,,47,,,6,,,6,,,60,,,60,,,15750,,,15750,,
1970,2,299,,100,4.54,1,0,3,100,2,18,6,65,2550,1,2,1,,,,47,46,47,,,,6,6,6,,,,60,60,60,,,,15750,4850,15750,,,
1970,2,300,,100,4.54,1,0,1,100,1,64,5,50,2450,1,,,2,,,64,,,63,,,5,,,2,,,50,,,22,,,2450,,,0,,
1970,2,300,,100,4.54,1,0,2,100,2,63,2,22,0,1,,,1,,,64,,,64,,,5,,,5,,,50,,,50,,,2450,,,2450,,
1970,2,301,,100,4.54,1,0,1,100,1,20,7,70,8050,1,,,2,,,20,,,21,,,7,,,7,,,70,,,70,,,8050,,,3050,,
1970,2,301,,100,4.54,1,0,2,100,2,21,7,70,3050,1,,,1,,,20,,,20,,,7,,,7,,,70,,,70,,,8050,,,8050,,
1970,2,301,,100,4.54,1,0,3,100,1,0,0,1,9999999,1,2,1,,,,20,21,20,,,,7,7,7,,,,70,70,70,,,,8050,3050,8050,,,
1970,2,302,,100,4.54,1,0,1,100,2,23,2,26,4450,2,,,,,,23,,,,,,2,,,,,,26,,,,,,4450,,,,,
1970,2,303,,100,4.54,1,0,1,100,1,45,6,60,11750,1,,,2,,,45,,,41,,,6,,,6,,,60,,,60,,,11750,,,0,,
1970,2,303,,100,4.54,1,0,2,100,2,41,6,60,0,1,2,1,1,,,45,67,71,45,,,6,2,2,6,,,60,26,23,60,,,11750,1450,3350,11750,,
1970,2,303,,100,4.54,1,0,3,100,2,21,9,90,550,1,2,1,,,,45,41,45,,,,6,6,6,,,,60,60,60,,,,11750,0,11750,,,
1970,2,303,,100,4.54,1,0,4,100,2,17,5,50,550,1,2,1,,,,45,41,45,,,,6,6,6,,,,60,60,60,,,,11750,0,11750,,,
1970,2,303,,100,4.54,1,0,5,100,1,15,3,30,0,1,2,1,,,,45,41,45,,,,6,6,6,,,,60,60,60,,,,11750,0,11750,,,
1970,2,303,,100,4.54,1,0,6,100,1,71,2,23,3350,1,,,2,,,45,,,67,,,6,,,2,,,60,,,26,,,11750,,,1450,,
1970,2,303,,100,4.54,1,0,7,100,2,67,2,26,1450,1,,,1,,,45,,,71,,,6,,,2,,,60,,,23,,,11750,,,3350,,
1970,2,304,,100,4.54,1,0,1,100,1,75,2,26,3650,1,,,2,,,75,,,75,,,2,,,2,,,26,,,26,,,3650,,,850,,
1970,2,304,,100,4.54,1,0,2,100,2,75,2,26,850,1,,,1,,,75,,,75,,,2,,,2,,,26,,,26,,,3650,,,3650,,
1970,2,305,,100,4.54,1,0,1,100,1,38,6,60,10050,1,,,2,,,38,,,38,,,6,,,6,,,60,,,60,,,10050,,,0,,
1970,2,305,,100,4.54,1,0,2,100,2,38,6,60,0,1,,,1,,,38,,,38,,,6,,,6,,,60,,,60,,,10050,,,10050,,
1970,2,305,,100,4.54,1,0,3,100,1,11,2,22,9999999,1,2,1,,,,38,38,38,,,,6,6,6,,,,60,60,60,,,,10050,0,10050,,,
1970,2,305,,100,4.54,1,0,4,100,1,9,1,16,9999999,1,2,1,,,,38,38,38,,,,6,6,6,,,,60,60,60,,,,10050,0,10050,,,
1970,2,306,,100,4.54,1,0,1,100,1,47,3,30,11050,1,,,2,,,47,,,40,,,3,,,6,,,30,,,60,,,11050,,,0,,
1970,2,306,,100,4.54,1,0,2,100,2,40,6,60,0,1,,,1,,,47,,,47,,,3,,,3,,,30,,,30,,,11050,,,11050,,
1970,2,306,,100,4.54,1,0,3,100,1,16,3,30,0,1,2,1,,,,47,40,47,,,,3,6,3,,,,30,60,30,,,,11050,0,11050,,,
1970,2,306,,100,4.54,1,0,4,100,2,9,1,16,9999999,1,2,1,,,,47,40,47,,,,3,6,3,,,,30,60,30,,,,11050,0,11050,,,
1970,2,306,,100,4.54,1,0,5,100,2,7,1,14,9999999,1,2,1,,,,47,40,47,,,,3,6,3,,,,30,60,30,,,,11050,0,11050,,,
1970,2,307,,100,4.54,1,0,1,100,1,35,6,60,150,1,2,,,,,35,73,,,,,6,2,,,,,60,26,,,,,150,1250,,,,
1970,2,307,,100,4.54,1,0,2,100,2,73,2,26,1250,1,,,,,,35,,,,,,6,,,,,,60,,,,,,150,,,,,
1970,2,308,,100,4.54,1,0,1,100,1,77,2,22,4050,1,,,,,,77,,,,,,2,,,,,,22,,,,,,4050,,,,,
1970,2,308,,100,4.54,1,0,2,100,1,50,4,40,650,1,,1,,,,77,,77,,,,2,,2,,,,22,,22,,,,4050,,4050,,,
1970,2,308,,100,4.54,1,0,3,100,1,41,2,26,6550,1,,1,,,,77,,77,,,,2,,2,,,,22,,22,,,,4050,,4050,,,
1970,2,309,,100,4.54,1,0,1,100,1,61,5,50,3550,1,,,,,,61,,,,,,5,,,,,,50,,,,,,3550,,,,,
1970,2,309,,100,4.54,1,0,2,100,1,17,5,50,550,1,,1,,,,61,,61,,,,5,,5,,,,50,,50,,,,3550,,3550,,,
1970,2,310,,100,4.54,1,0,1,100,1,56,6,60,7050,1,,,2,,,56,,,61,,,6,,,6,,,60,,,60,,,7050,,,0,,
1970,2,310,,100,4.54,1,0,2,100,2,61,6,60,0,1,,,1,,,56,,,56,,,6,,,6,,,60,,,60,,,7050,,,7050,,
1970,2,311,,100,4.54,1,0,1,100,1,43,11,110,11850,1,,,2,,,43,,,42,,,11,,,10,,,110,,,100,,,11850,,,250,,
1970,2,311,,100,4.54,1,0,2,100,2,42,10,100,250,1,,,1,,,43,,,43,,,11,,,11,,,110,,,110,,,11850,,,11850,,
1970,2,312,,100,4.54,1,0,1,100,2,26,6,60,4050,2,,,,,,26,,,,,,6,,,,,,60,,,,,,4050,,,,,
1970,2,312,,100,4.54,1,0,2,100,1,9,1,15,9999999,2,2,,,,,26,26,,,,,6,6,,,,,60,60,,,,,4050,4050,,,,
1970,2,312,,100,4.54,1,0,3,100,1,7,1,12,9999999,2,2,,,,,26,26,,,,,6,6,,,,,60,60,,,,,4050,4050,,,,
1970,2,313,,100,4.54,1,0,1,100,1,22,10,100,0,1,,,,,,22,,,,,,10,,,,,,100,,,,,,0,,,,,
1970,2,314,,100,4.54,1,0,1,100,1,27,6,60,7050,1,,,,,,27,,,,,,6,,,,,,60,,,,,,7050,,,,,
1970,2,315,,100,4.54,3,0,1,100,2,61,8,80,150,,,,,,,,,,,,,,,,,,,,,,,,,,,,,,
1970,2,316,,100,4.54,1,0,1,100,1,62,4,40,12050,1,,,2,,,62,,,61,,,4,,,4,,,40,,,40,,,12050,,,1350,,
1970,2,316,,100,4.54,1,0,2,100,2,61,4,40,1350,1,,,1,,,62,,,62,,,4,,,4,,,40,,,40,,,12050,,,12050,,
1970,2,317,,100,4.54,1,0,1,100,2,45,8,80,5050,2,,,,,,45,,,,,,8,,,,,,80,,,,,,5050,,,,,
1970,2,318,,100,4.54,1,0,1,100,2,23,8,80,3050,2,,,,,,23,,,,,,8,,,,,,80,,,,,,3050,,,,,
1970,2,318,,100,4.54,1,0,2,100,1,2,0,1,9999999,2,2,,,,,23,23,,,,,8,8,,,,,80,80,,,,,3050,3050,,,,
1970,2,319,,100,4.54,1,0,1,100,1,43,10,100,22050,1,,,2,,,43,,,37,,,10,,,10,,,100,,,100,,,22050,,,150,,
1970,2,319,,100,4.54,1,0,2,100,2,37,10,100,150,1,,,1,,,43,,,43,,,10,,,10,,,100,,,100,,,22050,,,22050,,
1970,2,319,,100,4.54,1,0,3,100,2,14,2,26,0,1,2,1,,,,43,37,43,,,,10,10,10,,,,100,100,100,,,,22050,150,22050,,,
1970,2,319,,100,4.54,1,0,4,100,1,11,1,17,9999999,1,2,1,,,,43,37,43,,,,10,10,10,,,,100,100,100,,,,22050,150,22050,,,
1970,2,320,,100,4.54,1,0,1,100,2,79,2,26,750,2,,,,,,79,,,,,,2,,,,,,26,,,,,,750,,,,,
1970,2,321,,100,4.54,1,0,1,100,1,24,6,60,5050,1,,,2,,,24,,,21,,,6,,,6,,,60,,,60,,,5050,,,4050,,
1970,2,321,,100,4.54,1,0,2,100,2,21,6,60,4050,1,,,1,,,24,,,24,,,6,,,6,,,60,,,60,,,5050,,,5050,,
1970,2,321,,100,4.54,1,0,3,100,1,0,0,1,9999999,1,2,1,,,,24,21,24,,,,6,6,6,,,,60,60,60,,,,5050,4050,5050,,,
1970,2,322,,100,4.54,1,0,1,100,2,60,6,60,6550,2,,,,,,60,,,,,,6,,,,,,60,,,,,,6550,,,,,
1970,2,322,,100,4.54,1,0,2,100,1,24,6,60,1350,2,2,,,,,60,60,,,,,6,6,,,,,60,60,,,,,6550,6550,,,,
1970,2,323,,100,4.54,1,0,1,100,1,77,7,70,10050,1,,,2,,,77,,,71,,,7,,,3,,,70,,,30,,,10050,,,0,,
1970,2,323,,100,4.54,1,0,2,100,2,71,3,30,0,1,,,1,,,77,,,77,,,7,,,7,,,70,,,70,,,10050,,,10050,,
1970,2,324,,100,4.54,1,0,1,100,1,66,3,30,8050,1,,,2,,,66,,,60,,,3,,,5,,,30,,,50,,,8050,,,5050,,
1970,2,324,,100,4.54,1,0,2,100,2,60,5,50,5050,1,,,1,,,66,,,66,,,3,,,3,,,30,,,30,,,8050,,,8050,,
1970,2,325,,100,4.54,1,0,1,100,1,40,2,25,7050,1,,,2,,,40,,,34,,,2,,,4,,,25,,,40,,,7050,,,6050,,
1970,2,325,,100,4.54,1,0,2,100,2,34,4,40,6050,1,,,1,,,40,,,40,,,2,,,2,,,25,,,25,,,7050,,,7050,,
1970,2,325,,100,4.54,1,0,3,100,2,16,3,30,3850,1,2,1,,,,40,34,40,,,,2,4,2,,,,25,40,25,,,,7050,6050,7050,,,
1970,2,325,,100,4.54,1,0,4,100,1,15,2,25,0,1,2,1,,,,40,34,40,,,,2,4,2,,,,25,40,25,,,,7050,6050,7050,,,
1970,2,325,,100,4.54,1,0,5,100,2,13,2,25,9999999,1,2,1,,,,40,34,40,,,,2,4,2,,,,25,40,25,,,,7050,6050,7050,,,
1970,2,325,,100,4.54,1,0,6,100,2,13,2,22,9999999,1,2,1,,,,40,34,40,,,,2,4,2,,,,25,40,25,,,,7050,6050,7050,,,
1970,2,325,,100,4.54,1,0,7,100,2,0,0,1,9999999,1,2,1,,,,40,34,40,,,,2,4,2,,,,25,40,25,,,,7050,6050,7050,,,
1970,2,326,,100,4.54,1,0,1,100,1,37,6,60,4850,1,,,2,,,37,,,40,,,6,,,5,,,60,,,50,,,4850,,,0,,
1970,2,326,,100,4.54,1,0,2,100,2,40,5,50,0,1,,,1,,,37,,,37,,,6,,,6,,,60,,,60,,,4850,,,4850,,
1970,2,326,,100,4.54,1,0,3,100,2,19,6,60,2650,1,2,1,,,,37,40,37,,,,6,5,6,,,,60,50,60,,,,4850,0,4850,,,
1970,2,326,,100,4.54,1,0,4,100,2,17,5,50,0,1,2,1,,,,37,40,37,,,,6,5,6,,,,60,50,60,,,,4850,0,4850,,,
1970,2,326,,100,4.54,1,0,5,100,2,15,2,26,0,1,2,1,,,,37,40,37,,,,6,5,6,,,,60,50,60,,,,4850,0,4850,,,
1970,2,326,,100,4.54,1,0,6,100,1,14,2,25,0,1,2,1,,,,37,40,37,,,,6,5,6,,,,60,50,60,,,,4850,0,4850,,,
1970,2,326,,100,4.54,1,0,7,100,2,13,2,23,9999999,1,2,1,,,,37,40,37,,,,6,5,6,,,,60,50,60,,,,4850,0,4850,,,
1970,2,326,,100,4.54,1,0,8,100,2,12,2,22,9999999,1,2,1,,,,37,40,37,,,,6,5,6,,,,60,50,60,,,,4850,0,4850,,,
1970,2,326,,100,4.54,1,0,9,100,1,1,0,1,9999999,1,2,,,,,37,19,,,,,6,6,,,,,60,60,,,,,4850,2650,,,,
1970,2,327,,100,4.54,1,0,1,100,2,53,2,23,550,2,,,,,,53,,,,,,2,,,,,,23,,,,,,550,,,,,
1970,2,329,,100,4.54,1,0,1,100,1,33,1,17,7050,1,,,2,,,33,,,27,,,1,,,2,,,17,,,23,,,7050,,,2050,,
1970,2,329,,100,4.54,1,0,2,100,2,27,2,23,2050,1,,,1,,,33,,,33,,,1,,,1,,,17,,,17,,,7050,,,7050,,
1970,2,329,,100,4.54,1,0,3,100,2,0,0,1,9999999,1,2,1,,,,33,27,33,,,,1,2,1,,,,17,23,17,,,,7050,2050,7050,,,
1970,2,330,,100,4.54,1,0,1,100,1,29,3,30,9550,1,,,2,,,29,,,24,,,3,,,3,,,30,,,30,,,9550,,,0,,
1970,2,330,,100,4.54,1,0,2,100,2,24,3,30,0,1,,,1,,,29,,,29,,,3,,,3,,,30,,,30,,,9550,,,9550,,
1970,2,330,,100,4.54,1,0,3,100,2,3,0,2,9999999,1,2,1,,,,29,24,29,,,,3,3,3,,,,30,30,30,,,,9550,0,9550,,,
1970,2,330,,100,4.54,1,0,4,100,2,2,0,1,9999999,1,2,1,,,,29,24,29,,,,3,3,3,,,,30,30,30,,,,9550,0,9550,,,
1970,2,330,,100,4.54,1,0,5,100,1,0,0,1,9999999,1,2,1,,,,29,24,29,,,,3,3,3,,,,30,30,30,,,,9550,0,9550,,,
1970,2,330,,100,4.54,1,0,6,100,1,0,0,1,9999999,1,2,1,,,,29,24,29,,,,3,3,3,,,,30,30,30,,,,9550,0,9550,,,
1970,2,331,,100,4.54,1,0,1,100,2,45,1,17,0,2,,,,,,45,,,,,,1,,,,,,17,,,,,,0,,,,,
1970,2,331,,100,4.54,1,0,2,100,1,45,1,16,6150,2,,,,,,45,,,,,,1,,,,,,17,,,,,,0,,,,,
1970,2,331,,100,4.54,1,0,3,100,2,20,2,22,4150,2,2,,,,,45,45,,,,,1,1,,,,,17,17,,,,,0,0,,,,
1970,2,332,,100,4.54,1,0,1,100,1,39,6,60,6550,1,,,,,,39,,,,,,6,,,,,,60,,,,,,6550,,,,,
1970,2,333,,100,4.54,1,0,1,100,1,19,6,65,1750,1,,,,,,19,,,,,,6,,,,,,65,,,,,,1750,,,,,
1970,2,333,,100,4.54,1,0,2,100,1,18,7,70,2050,1,,,,,,19,,,,,,6,,,,,,65,,,,,,1750,,,,,
1970,2,333,,100,4.54,1,0,3,100,1,21,9,90,1950,1,,,,,,19,,,,,,6,,,,,,65,,,,,,1750,,,,,
1970,2,334,,100,4.54,1,0,1,100,1,40,3,30,9450,1,,,2,,,40,,,42,,,3,,,2,,,30,,,26,,,9450,,,0,,
1970,2,334,,100,4.54,1,0,2,100,2,42,2,26,0,1,,,1,,,40,,,40,,,3,,,3,,,30,,,30,,,9450,,,9450,,
1970,2,336,,100,4.54,1,0,1,100,2,29,5,50,3750,2,,,,,,29,,,,,,5,,,,,,50,,,,,,3750,,,,,
1970,2,336,,100,4.54,1,0,2,100,2,5,0,2,9999999,2,2,,,,,29,29,,,,,5,5,,,,,50,50,,,,,3750,3750,,,,
1970,2,336,,100,4.54,1,0,3,100,2,4,0,2,9999999,2,2,,,,,29,29,,,,,5,5,,,,,50,50,,,,,3750,3750,,,,
1970,2,337,,100,4.54,1,0,1,100,1,48,11,110,15050,1,,,2,,,48,,,49,,,11,,,2,,,110,,,23,,,15050,,,0,,
1970,2,337,,100,4.54,1,0,2,100,2,49,2,23,0,1,,,1,,,48,,,48,,,11,,,11,,,110,,,110,,,15050,,,15050,,
1970,2,337,,100,4.54,1,0,3,100,1,18,6,60,1750,1,2,1,,,,48,49,48,,,,11,2,11,,,,110,23,110,,,,15050,0,15050,,,
1970,2,337,,100,4.54,1,0,4,100,1,17,5,50,1050,1,2,1,,,,48,49,48,,,,11,2,11,,,,110,23,110,,,,15050,0,15050,,,
1970,2,337,,100,4.54,1,0,5,100,1,14,2,25,50,1,2,1,,,,48,49,48,,,,11,2,11,,,,110,23,110,,,,15050,0,15050,,,
1970,2,337,,100,4.54,1,0,6,100,2,11,2,22,9999999,1,2,1,,,,48,49,48,,,,11,2,11,,,,110,23,110,,,,15050,0,15050,,,
1970,2,337,,100,4.54,1,0,7,100,1,10,1,17,9999999,1,2,1,,,,48,49,48,,,,11,2,11,,,,110,23,110,,,,15050,0,15050,,,
1970,2,338,,100,4.54,1,0,1,100,1,57,9,90,10050,1,,,2,,,57,,,49,,,9,,,6,,,90,,,60,,,10050,,,250,,
1970,2,338,,100,4.54,1,0,2,100,2,49,6,60,250,1,,,1,,,57,,,57,,,9,,,9,,,90,,,90,,,10050,,,10050,,
1970,2,338,,100,4.54,1,0,3,100,1,16,4,40,1450,1,2,1,,,,57,49,57,,,,9,6,9,,,,90,60,90,,,,10050,250,10050,,,
1970,2,338,,100,4.54,1,0,4,100,2,14,2,26,0,1,2,1,,,,57,49,57,,,,9,6,9,,,,90,60,90,,,,10050,250,10050,,,
1970,2,338,,100,4.54,1,0,5,100,1,11,2,22,9999999,1,2,1,,,,57,49,57,,,,9,6,9,,,,90,60,90,,,,10050,250,10050,,,
1970,2,338,,100,4.54,1,0,6,100,1,6,1,12,9999999,1,2,1,,,,57,49,57,,,,9,6,9,,,,90,60,90,,,,10050,250,10050,,,
1970,2,339,,100,4.54,1,0,1,100,1,30,6,60,12050,1,,,2,,,30,,,28,,,6,,,6,,,60,,,60,,,12050,,,0,,
1970,2,339,,100,4.54,1,0,2,100,2,28,6,60,0,1,,,1,,,30,,,30,,,6,,,6,,,60,,,60,,,12050,,,12050,,
1970,2,339,,100,4.54,1,0,3,100,1,7,1,14,9999999,1,2,1,,,,30,28,30,,,,6,6,6,,,,60,60,60,,,,12050,0,12050,,,
1970,2,339,,100,4.54,1,0,4,100,1,5,1,11,9999999,1,2,1,,,,30,28,30,,,,6,6,6,,,,60,60,60,,,,12050,0,12050,,,
1970,2,339,,100,4.54,1,0,5,100,2,0,0,1,9999999,1,2,1,,,,30,28,30,,,,6,6,6,,,,60,60,60,,,,12050,0,12050,,,
1970,2,340,,100,4.54,1,0,1,100,1,57,3,30,5250,1,,,2,,,57,,,62,,,3,,,2,,,30,,,26,,,5250,,,0,,
1970,2,340,,100,4.54,1,0,2,100,2,62,2,26,0,1,,,1,,,57,,,57,,,3,,,3,,,30,,,30,,,5250,,,5250,,
1970,2,341,,100,4.54,1,0,1,100,1,73,1,16,1750,1,,,2,,,73,,,67,,,1,,,1,,,16,,,16,,,1750,,,750,,
1970,2,341,,100,4.54,1,0,2,100,2,67,1,16,750,1,,,1,,,73,,,73,,,1,,,1,,,16,,,16,,,1750,,,1750,,
1970,2,342,,100,4.54,1,0,1,100,1,29,6,60,7050,1,,,2,,,29,,,21,,,6,,,5,,,60,,,50,,,7050,,,3350,,
1970,2,342,,100,4.54,1,0,2,100,2,21,5,50,3350,1,,,1,,,29,,,29,,,6,,,6,,,60,,,60,,,7050,,,7050,,
1970,2,342,,100,4.54,1,0,3,100,1,0,0,1,9999999,1,2,1,,,,29,21,29,,,,6,5,6,,,,60,50,60,,,,7050,3350,7050,,,
1970,2,343,,100,4.54,1,0,1,100,1,36,11,111,24250,1,,,2,,,36,,,30,,,11,,,10,,,111,,,100,,,24250,,,7050,,
1970,2,343,,100,4.54,1,0,2,100,2,30,10,100,7050,1,,,1,,,36,,,36,,,11,,,11,,,111,,,111,,,24250,,,24250,,
1970,2,343,,100,4.54,1,0,3,100,2,7,1,14,9999999,1,2,1,,,,36,30,36,,,,11,10,11,,,,111,100,111,,,,24250,7050,24250,,,
1970,2,343,,100,4.54,1,0,4,100,2,3,0,2,9999999,1,2,1,,,,36,30,36,,,,11,10,11,,,,111,100,111,,,,24250,7050,24250,,,
1970,2,344,,100,4.54,1,0,1,100,1,24,11,111,250,1,,,,,,24,,,,,,11,,,,,,111,,,,,,250,,,,,
1970,2,344,,100,4.54,1,0,2,100,1,6,1,12,9999999,1,,1,,,,24,,24,,,,11,,11,,,,111,,111,,,,250,,250,,,
1970,2,344,,100,4.54,1,0,3,100,1,8,1,15,9999999,1,,1,,,,24,,24,,,,11,,11,,,,111,,111,,,,250,,250,,,
1970,2,345,,100,4.54,1,0,1,100,1,58,8,80,11850,1,,,2,,,58,,,57,,,8,,,6,,,80,,,60,,,11850,,,6450,,
1970,2,345,,100,4.54,1,0,2,100,2,57,6,60,6450,1,,,1,,,58,,,58,,,8,,,8,,,80,,,80,,,11850,,,11850,,
1970,2,345,,100,4.54,1,0,3,100,2,28,7,70,6150,1,2,1,,,,58,57,58,,,,8,6,8,,,,80,60,80,,,,11850,6450,11850,,,
1970,2,346,,100,4.54,1,0,1,100,1,39,6,60,12050,1,,,2,,,39,,,33,,,6,,,6,,,60,,,60,,,12050,,,3050,,
1970,2,346,,100,4.54,1,0,2,100,2,33,6,60,3050,1,,,1,,,39,,,39,,,6,,,6,,,60,,,60,,,12050,,,12050,,
1970,2,346,,100,4.54,1,0,3,100,1,16,3,30,0,1,2,1,,,,39,33,39,,,,6,6,6,,,,60,60,60,,,,12050,3050,12050,,,
1970,2,346,,100,4.54,1,0,4,100,1,14,2,25,0,1,2,1,,,,39,33,39,,,,6,6,6,,,,60,60,60,,,,12050,3050,12050,,,
1970,2,346,,100,4.54,1,0,5,100,1,4,1,11,9999999,1,2,1,,,,39,33,39,,,,6,6,6,,,,60,60,60,,,,12050,3050,12050,,,
1970,2,347,,100,4.54,1,0,1,100,1,38,11,111,46550,1,,,2,,,38,,,33,,,11,,,6,,,111,,,60,,,46550,,,0,,
1970,2,347,,100,4.54,1,0,2,100,2,33,6,60,0,1,,,1,,,38,,,38,,,11,,,11,,,111,,,111,,,46550,,,46550,,
1970,2,347,,100,4.54,1,0,3,100,1,10,1,16,9999999,1,2,1,,,,38,33,38,,,,11,6,11,,,,111,60,111,,,,46550,0,46550,,,
1970,2,347,,100,4.54,1,0,4,100,1,9,1,15,9999999,1,2,1,,,,38,33,38,,,,11,6,11,,,,111,60,111,,,,46550,0,46550,,,
1970,2,347,,100,4.54,1,0,5,100,2,7,1,14,9999999,1,2,1,,,,38,33,38,,,,11,6,11,,,,111,60,111,,,,46550,0,46550,,,
1970,2,347,,100,4.54,1,0,6,100,1,5,1,11,9999999,1,2,1,,,,38,33,38,,,,11,6,11,,,,111,60,111,,,,46550,0,46550,,,
1970,2,347,,100,4.54,1,0,7,100,2,4,0,2,9999999,1,2,1,,,,38,33,38,,,,11,6,11,,,,111,60,111,,,,46550,0,46550,,,
1970,2,347,,100,4.54,1,0,8,100,1,1,0,1,9999999,1,2,1,,,,38,33,38,,,,11,6,11,,,,111,60,111,,,,46550,0,46550,,,
1970,2,348,,100,4.54,1,0,1,100,2,57,8,80,9050,2,,,,,,57,,,,,,8,,,,,,80,,,,,,9050,,,,,
