object_id,ra,decl,gal_l,gal_b,ddf,hostgal_specz,hostgal_photoz,hostgal_photoz_err,distmod,mwebv,target
615,349.046051,-61.943836,320.796530,-51.753706,1,0.0000,0.0000,0.0000,nan,0.017,92
713,53.085938,-27.784405,223.525509,-54.460748,1,1.8181,1.6267,0.2552,45.4063,0.007,88
730,33.574219,-6.579593,170.455585,-61.548219,1,0.2320,0.2262,0.0157,40.2561,0.021,42
745,0.189873,-45.586655,328.254458,-68.969298,1,0.3037,0.2813,1.1523,40.7951,0.007,90
1124,352.711273,-63.823658,316.922299,-51.059403,1,0.1934,0.2415,0.0176,40.4166,0.024,90
1227,35.683594,-5.379379,171.992947,-59.253501,1,0.0000,0.0000,0.0000,nan,0.020,65
1598,347.846710,-64.760857,318.929827,-49.143596,1,0.1352,0.1820,0.0304,39.7279,0.019,90
1632,348.595886,-63.072620,320.023289,-50.713060,1,0.6857,0.7014,0.0100,43.1524,0.021,42
1920,149.414062,3.433834,234.919132,42.245550,1,0.3088,0.3229,0.3360,41.1401,0.027,90
1926,149.414062,1.940072,236.565366,41.393323,1,0.0000,0.0000,0.0000,nan,0.018,65
2072,0.965665,-46.375080,325.845907,-68.579427,1,0.1516,0.1900,0.0104,39.8317,0.007,90
2103,346.500000,-62.320400,321.951129,-50.736054,1,0.1695,0.5409,0.2283,42.4667,0.020,42
2300,359.446716,-44.201530,331.730015,-69.805709,1,0.2360,2.7474,0.5335,46.7959,0.010,42
2330,359.805206,-46.768478,327.135979,-67.829903,1,0.4541,0.5736,0.2827,42.6207,0.011,90
2624,346.655182,-63.260487,320.952196,-50.040935,1,0.0000,0.0000,0.0000,nan,0.019,65
2677,53.964844,-28.630989,225.142950,-53.813613,1,0.0000,0.0000,0.0000,nan,0.009,16
2922,352.398651,-62.696659,318.017427,-51.967966,1,0.1539,0.1469,0.0094,39.2171,0.020,67
3041,346.130127,-63.072620,321.423103,-50.042305,1,0.1069,0.1274,0.0198,38.8800,0.020,67
3285,150.820312,1.641510,237.994507,42.358984,1,0.1610,0.1818,0.0079,39.7258,0.020,42
3423,349.615387,-63.636005,318.927246,-50.506542,1,1.9876,1.1213,0.1591,44.4078,0.018,95
3489,150.117188,2.836105,236.124718,42.483719,1,1.1330,1.4377,0.2168,45.0753,0.016,88
3910,0.589520,-47.161343,325.385896,-67.769893,1,0.1969,2.6766,0.5926,46.7274,0.009,62
4088,0.965665,-46.375080,325.845907,-68.579427,1,0.4833,0.4644,0.0321,42.0691,0.007,88
4132,359.811707,-45.191612,329.485675,-69.150905,1,0.0561,0.0556,0.0301,36.9750,0.010,42
4171,2.097458,-45.783966,324.737840,-69.478613,1,0.0000,0.0000,0.0000,nan,0.011,16
4173,152.050781,3.284369,237.157374,44.318466,1,0.5149,0.5512,0.0221,42.5158,0.019,15
4220,358.648071,-46.375080,329.462659,-67.716008,1,0.1197,0.1322,0.3351,38.9679,0.009,42
4389,151.699219,3.583322,236.533224,44.205648,1,0.2333,0.2205,0.9667,40.1939,0.016,90
4595,349.615387,-63.636005,318.927246,-50.506542,1,0.5919,0.5995,0.0127,42.7370,0.018,90
4819,35.332031,-5.979157,172.286722,-59.931743,1,0.3053,0.2870,0.0076,40.8445,0.022,90
5527,347.861847,-61.943836,321.519104,-51.424048,1,0.1315,0.2487,0.8604,40.4896,0.017,42
6180,33.222656,-4.780192,167.515653,-60.396584,1,0.3201,0.2685,0.5211,40.6793,0.018,90
6266,0.929752,-44.597992,328.531426,-70.083244,1,0.0000,0.0000,0.0000,nan,0.011,65
6762,348.595886,-63.072620,320.023289,-50.713060,1,0.3863,0.3983,0.0132,41.6735,0.021,90
6947,34.277344,-5.679190,170.314930,-60.410322,1,0.5680,0.5667,0.0181,42.5888,0.020,90
7033,52.207031,-28.291550,224.208534,-55.300157,1,0.0826,0.0850,0.0073,37.9414,0.007,42
7164,347.861847,-61.943836,321.519104,-51.424048,1,0.4299,0.4245,0.0288,41.8371,0.017,90
7315,2.071130,-45.191612,325.606223,-69.989264,1,0.1330,0.1337,0.0171,38.9942,0.011,88
7409,352.398651,-62.696659,318.017427,-51.967966,1,3.4451,0.5176,1.2609,42.3516,0.020,88
7566,359.446716,-44.201530,331.730015,-69.805709,1,0.0000,0.0000,0.0000,nan,0.010,16
7698,347.013428,-62.508568,321.472056,-50.735330,1,0.2628,0.1876,0.0216,39.8011,0.018,90
7703,53.085938,-28.122234,224.100909,-54.509752,1,0.0830,0.0820,0.2257,37.8568,0.007,62
7756,149.414062,2.238686,236.239766,41.565558,1,0.0000,0.0000,0.0000,nan,0.017,16
8328,1.694561,-45.191612,326.278557,-69.858253,1,0.3779,0.4808,0.2970,42.1592,0.011,90
8688,32.695312,-4.929937,166.868469,-60.841230,1,0.0000,0.0000,0.0000,nan,0.018,65
8745,349.966217,-62.696659,319.542989,-51.376556,1,0.6276,0.6136,0.0129,42.7983,0.021,90
8784,34.101562,-5.829153,170.247753,-60.638325,1,0.0000,0.0000,0.0000,nan,0.019,16
9006,34.277344,-5.079716,169.526841,-59.956640,1,0.0000,0.0000,0.0000,nan,0.019,65
9172,346.655182,-63.260487,320.952196,-50.040935,1,0.0000,0.0000,0.0000,nan,0.019,65
9184,0.949367,-45.586655,326.991548,-69.251686,1,1.4031,1.2719,0.4971,44.7463,0.013,88
9203,51.855469,-27.953188,223.543603,-55.561470,1,0.2138,0.1111,0.0626,38.5591,0.008,90
9543,352.132874,-63.636005,317.424173,-51.095855,1,0.0000,0.0000,0.0000,nan,0.021,65
9936,32.871094,-4.780192,166.959493,-60.615132,1,0.1633,0.0719,0.0389,37.5580,0.017,42
9985,150.820312,3.732834,235.666318,43.572109,1,0.0000,0.0000,0.0000,nan,0.016,65
10321,358.312500,-44.993881,332.185785,-68.685906,1,1.0833,1.1162,0.1020,44.3954,0.009,95
10337,54.667969,-27.615883,223.610785,-53.050840,1,0.6830,0.6725,0.0089,43.0404,0.009,90
10349,34.980469,-6.279288,172.180075,-60.389399,1,0.0000,0.0000,0.0000,nan,0.023,65
10478,52.910156,-27.953188,223.774083,-54.639214,1,0.5552,0.2233,0.2002,40.2248,0.007,90
10586,358.636353,-46.768478,328.890146,-67.388837,1,0.6052,0.6017,0.0153,42.7467,0.008,88
10757,52.910156,-26.276812,220.926149,-54.363918,1,0.1699,0.1711,0.0185,39.5801,0.008,52
10796,52.910156,-25.944481,220.366350,-54.301439,1,0.0000,0.0000,0.0000,nan,0.010,65
10798,351.299988,-62.320400,319.038597,-52.026867,1,0.1778,0.1872,0.0121,39.7959,0.018,42
11165,150.996094,2.985506,236.647967,43.287350,1,0.0000,0.0000,0.0000,nan,0.020,16
11359,349.966217,-62.696659,319.542989,-51.376556,1,0.1529,0.1415,0.0072,39.1281,0.021,42
11507,53.085938,-28.122234,224.100909,-54.509752,1,0.3312,0.5095,0.0718,42.3102,0.007,90
11770,346.130127,-63.072620,321.423103,-50.042305,1,0.1415,0.2171,0.4350,40.1560,0.020,62
11773,150.644531,3.583322,235.698235,43.342784,1,0.2207,0.5279,0.1679,42.4027,0.018,52
11931,149.589844,3.583322,234.885369,42.474696,1,0.0000,0.0000,0.0000,nan,0.024,65
11978,358.648071,-46.375080,329.462659,-67.716008,1,0.4920,0.4605,0.0179,42.0472,0.009,90
12695,51.855469,-28.630989,224.733260,-55.649872,1,0.0000,0.0000,0.0000,nan,0.009,92
12872,347.861847,-61.943836,321.519104,-51.424048,1,0.0000,0.0000,0.0000,nan,0.017,65
13079,151.699219,3.583322,236.533224,44.205648,1,0.2019,2.4470,1.0434,46.4913,0.016,90
13138,346.655182,-63.260487,320.952196,-50.040935,1,0.0756,0.5192,0.2158,42.3596,0.019,52
13194,53.789062,-27.784405,223.685697,-53.845803,1,0.5195,0.5624,0.2843,42.5685,0.009,90
13459,150.117188,2.836105,236.124718,42.483719,1,0.3495,0.3449,0.6556,41.3068,0.016,90
13482,33.750000,-4.630479,168.146242,-59.949072,1,0.2929,0.3115,0.0205,41.0501,0.019,90
13504,1.363636,-46.768478,324.669342,-68.371416,1,0.4469,0.3816,0.0766,41.5643,0.008,90
14080,150.996094,4.181528,235.291975,43.970869,1,0.0000,0.0000,0.0000,nan,0.015,65
14156,53.085938,-27.111860,222.384291,-54.355086,1,0.0000,0.0000,0.0000,nan,0.007,65
14279,54.667969,-27.615883,223.610785,-53.050840,1,0.3434,0.5728,0.4518,42.6167,0.009,52
14398,2.071130,-45.191612,325.606223,-69.989264,1,0.2812,0.2634,1.0581,40.6310,0.011,90
14539,150.644531,3.583322,235.698235,43.342784,1,0.2882,0.2359,0.0434,40.3590,0.018,88
14553,359.805206,-46.768478,327.135979,-67.829903,1,1.1897,1.1667,0.1717,44.5143,0.011,95
14601,32.695312,-4.929937,166.868469,-60.841230,1,0.3837,0.3653,0.2005,41.4527,0.018,90
14674,33.750000,-4.630479,168.146242,-59.949072,1,0.2012,0.0567,0.4176,37.0171,0.019,90
14983,349.615387,-63.636005,318.927246,-50.506542,1,0.3391,0.3238,0.0255,41.1476,0.018,90
15002,349.046051,-61.943836,320.796530,-51.753706,1,0.3409,0.3512,0.0531,41.3530,0.017,90
15251,32.871094,-4.780192,166.959493,-60.615132,1,0.4653,2.3270,0.6097,46.3585,0.017,90
15475,351.382965,-64.011238,317.574052,-50.604657,1,0.0000,0.0000,0.0000,nan,0.023,65
15626,346.130127,-63.072620,321.423103,-50.042305,1,0.0000,0.0000,0.0000,nan,0.020,16
15674,0.965665,-46.375080,325.845907,-68.579427,1,0.2927,0.2727,0.3286,40.7172,0.007,90
15700,359.415588,-46.768478,327.729895,-67.686097,1,0.0000,0.0000,0.0000,nan,0.009,16
15718,51.855469,-27.953188,223.543603,-55.561470,1,0.1193,2.3179,0.7672,46.3482,0.008,52
15845,53.789062,-27.784405,223.685697,-53.845803,1,0.3174,0.3471,0.8216,41.3232,0.009,90
15968,149.414062,2.238686,236.239766,41.565558,1,0.3509,0.4729,0.4544,42.1164,0.017,90
16339,51.328125,-27.447618,222.535046,-55.950727,1,0.0000,0.0000,0.0000,nan,0.013,16
16349,150.820312,3.134927,236.341348,43.230123,1,0.0000,0.0000,0.0000,nan,0.016,16
16463,151.699219,3.583322,236.533224,44.205648,1,0.2023,0.1805,0.0254,39.7082,0.016,90
16496,359.415588,-46.768478,327.729895,-67.686097,1,0.3391,0.3895,0.2635,41.6162,0.009,52
16802,53.437500,-29.142223,225.908120,-54.336118,1,0.3145,0.3319,0.0234,41.2094,0.008,90
16983,150.117188,3.732834,235.120533,42.993809,1,0.2899,0.2762,0.1879,40.7495,0.020,90
17094,52.207031,-28.291550,224.208534,-55.300157,1,0.0000,0.0000,0.0000,nan,0.007,16
17172,53.437500,-29.142223,225.908120,-54.336118,1,0.0000,0.0000,0.0000,nan,0.008,16
17285,148.710938,2.836105,235.050801,41.328739,1,0.3073,0.3057,0.0484,41.0025,0.031,90
17366,349.285706,-62.884678,319.786163,-51.046461,1,0.2387,0.2024,0.0247,39.9853,0.018,90
17370,0.949367,-45.586655,326.991548,-69.251686,1,0.3138,0.3391,0.4176,41.2636,0.013,62
17515,52.207031,-28.630989,224.800211,-55.343637,1,0.3577,0.3487,0.0073,41.3345,0.009,90
18029,359.415588,-46.768478,327.729895,-67.686097,1,0.3525,0.3609,0.0112,41.4219,0.009,90
18507,352.711273,-63.823658,316.922299,-51.059403,1,0.3755,0.3457,0.0230,41.3125,0.024,88
18556,51.855469,-26.276812,220.627031,-55.293792,1,0.0000,0.0000,0.0000,nan,0.014,6
18645,358.636353,-46.768478,328.890146,-67.388837,1,0.1640,2.3025,1.1022,46.3306,0.008,62
18706,34.277344,-5.679190,170.314930,-60.410322,1,0.1706,0.1766,0.0158,39.6556,0.020,62
18937,348.595886,-63.072620,320.023289,-50.713060,1,0.2142,0.2222,0.0102,40.2123,0.021,90
18952,151.699219,3.583322,236.533224,44.205648,1,0.2800,0.2658,1.1944,40.6541,0.016,90
19154,351.382965,-64.011238,317.574052,-50.604657,1,0.2354,2.4138,0.5022,46.4553,0.023,67
19213,1.753247,-46.768478,324.030235,-68.498041,1,0.1254,0.1484,0.0086,39.2403,0.014,62
19866,359.814819,-44.399834,330.775011,-69.801007,1,0.2608,0.2877,0.0235,40.8505,0.009,90
20567,351.259003,-64.386185,317.344860,-50.255113,1,0.1549,0.1481,0.2206,39.2350,0.020,62
20934,348.908447,-63.823658,319.169886,-50.176186,1,0.0999,2.5704,1.2137,46.6209,0.018,42
21335,33.574219,-5.379379,168.838090,-60.637536,1,0.1542,0.2082,0.4220,40.0542,0.017,90
22184,358.312500,-44.993881,332.185785,-68.685906,1,0.3508,0.3850,0.6064,41.5869,0.009,90
22574,150.996094,2.985506,236.647967,43.287350,1,0.0000,0.0000,0.0000,nan,0.020,16
22901,151.171875,1.342993,238.602520,42.464379,1,0.2581,0.2502,0.0061,40.5039,0.026,90
23116,53.261719,-27.615883,223.280041,-54.281374,1,0.8237,0.7520,0.0300,43.3376,0.006,15
23127,149.414062,3.433834,234.919132,42.245550,1,0.3221,0.4025,0.7933,41.7004,0.027,52
23299,33.222656,-4.780192,167.515653,-60.396584,1,0.5869,0.5400,0.0151,42.4624,0.018,88
23373,150.117188,3.732834,235.120533,42.993809,1,0.5442,0.5636,0.2043,42.5744,0.020,88
23396,359.811707,-45.191612,329.485675,-69.150905,1,0.5667,0.6192,0.1193,42.8220,0.010,90
23409,348.595886,-63.072620,320.023289,-50.713060,1,0.1407,0.1392,0.0136,39.0882,0.021,52
23539,34.277344,-5.079716,169.526841,-59.956640,1,0.4550,0.2524,0.3112,40.5254,0.019,95
23795,51.855469,-26.276812,220.627031,-55.293792,1,0.0000,0.0000,0.0000,nan,0.014,65
23822,2.457983,-45.389202,324.632685,-69.945696,1,0.2411,0.2420,0.9270,40.4218,0.011,52
23848,33.925781,-5.979157,170.179895,-60.866303,1,0.3316,0.3185,1.0181,41.1057,0.022,90
23857,151.699219,3.583322,236.533224,44.205648,1,0.2988,0.4769,0.0894,42.1379,0.016,90
23931,32.695312,-4.929937,166.868469,-60.841230,1,0.6282,0.6337,0.0073,42.8832,0.018,88
24193,152.050781,2.985506,237.495952,44.143927,1,2.0958,1.3937,0.2518,44.9919,0.019,88
24236,346.655182,-63.260487,320.952196,-50.040935,1,0.0000,0.0000,0.0000,nan,0.019,65
24592,349.966217,-62.696659,319.542989,-51.376556,1,0.2901,0.2846,0.0249,40.8234,0.021,90
24849,53.085938,-27.111860,222.384291,-54.355086,1,0.0000,0.0000,0.0000,nan,0.007,16
24903,52.031250,-26.443335,220.963669,-55.168557,1,0.0000,0.0000,0.0000,nan,0.014,65
24947,150.117188,2.238686,236.784618,42.139082,1,0.4723,0.4521,0.0193,41.9998,0.016,90
24989,34.804688,-5.829153,171.307861,-60.174401,1,0.4468,0.4763,0.0117,42.1349,0.023,90
25003,359.814819,-44.399834,330.775011,-69.801007,1,0.3137,0.2996,0.0218,40.9523,0.009,90
25039,346.562500,-63.448284,320.824720,-49.866957,1,0.3161,0.2675,1.1577,40.6696,0.021,90
25474,151.523438,3.134927,236.900695,43.803170,1,0.5236,0.5626,0.0155,42.5697,0.019,90
25529,358.312500,-44.993881,332.185785,-68.685906,1,0.2835,0.5789,0.2180,42.6448,0.009,90
25577,348.529419,-61.755440,321.293980,-51.763351,1,0.4028,0.3918,0.0170,41.6314,0.016,90
25783,150.820312,3.134927,236.341348,43.230123,1,0.1040,0.1439,0.0116,39.1669,0.016,42
25920,150.644531,3.583322,235.698235,43.342784,1,0.0000,0.0000,0.0000,nan,0.018,16
25925,35.332031,-5.979157,172.286722,-59.931743,1,1.7327,1.7075,0.1320,45.5358,0.022,88
26161,359.415588,-46.768478,327.729895,-67.686097,1,0.0000,0.0000,0.0000,nan,0.009,92
26338,151.171875,2.537361,237.288526,43.169764,1,0.1892,0.2250,0.0141,40.2436,0.024,62
26352,1.708861,-45.586655,325.688716,-69.520253,1,0.0000,0.0000,0.0000,nan,0.011,65
26401,151.699219,3.583322,236.533224,44.205648,1,0.0000,0.0000,0.0000,nan,0.016,16
26531,351.259003,-64.386185,317.344860,-50.255113,1,2.5314,2.4324,0.2792,46.4755,0.020,88
26660,347.846710,-64.760857,318.929827,-49.143596,1,0.0000,0.0000,0.0000,nan,0.019,65
26783,150.820312,1.641510,237.994507,42.358984,1,0.0000,0.0000,0.0000,nan,0.020,92
27124,351.299988,-62.320400,319.038597,-52.026867,1,0.0000,0.0000,0.0000,nan,0.018,16
27339,51.855469,-26.276812,220.627031,-55.293792,1,0.1432,0.1625,0.0226,39.4561,0.014,90
27941,149.414062,1.940072,236.565366,41.393323,1,0.3632,0.3746,0.0319,41.5166,0.018,90
28220,1.694561,-45.191612,326.278557,-69.858253,1,0.2985,0.3605,0.3149,41.4193,0.011,90
28301,0.189873,-45.586655,328.254458,-68.969298,1,0.3606,0.2852,1.3620,40.8288,0.007,90
28391,351.953644,-62.132156,318.777388,-52.347124,1,0.0000,0.0000,0.0000,nan,0.019,92
28636,51.855469,-28.630989,224.733260,-55.649872,1,0.1743,0.4412,0.3366,41.9364,0.009,67
28843,151.171875,2.537361,237.288526,43.169764,1,0.3664,0.3611,0.0225,41.4234,0.024,90
28915,53.789062,-27.784405,223.685697,-53.845803,1,0.0000,0.0000,0.0000,nan,0.009,16
29088,52.558594,-27.279613,222.538937,-54.845107,1,0.3037,0.3244,0.0203,41.1521,0.008,90
29252,51.855469,-28.630989,224.733260,-55.649872,1,0.1439,0.1421,0.0233,39.1376,0.009,42
29416,1.694561,-45.191612,326.278557,-69.858253,1,0.2168,0.1921,0.0349,39.8588,0.011,90
29420,2.097458,-45.783966,324.737840,-69.478613,1,0.5849,0.5559,0.0102,42.5385,0.011,90
29576,346.655182,-63.260487,320.952196,-50.040935,1,0.2362,2.5224,1.0484,46.5713,0.019,90
29668,151.699219,3.583322,236.533224,44.205648,1,0.1461,0.1584,0.0175,39.3960,0.016,42
29670,1.694561,-45.191612,326.278557,-69.858253,1,0.1135,0.1208,0.0198,38.7544,0.011,62
30066,351.259003,-64.386185,317.344860,-50.255113,1,0.0000,0.0000,0.0000,nan,0.020,65
30172,33.574219,-5.379379,168.838090,-60.637536,1,0.5444,0.5455,0.0094,42.4889,0.017,90
30191,150.117188,2.238686,236.784618,42.139082,1,1.5405,1.3073,0.1521,44.8201,0.016,88
30505,151.171875,2.238686,237.619933,42.994783,1,0.0000,0.0000,0.0000,nan,0.024,16
30545,2.071130,-45.191612,325.606223,-69.989264,1,0.2160,0.2221,0.0338,40.2113,0.011,90
30576,51.855469,-27.953188,223.543603,-55.561470,1,0.0000,0.0000,0.0000,nan,0.008,65
30673,349.966217,-62.696659,319.542989,-51.376556,1,0.0000,0.0000,0.0000,nan,0.021,16
30895,349.429535,-62.508568,320.039643,-51.393745,1,0.0000,0.0000,0.0000,nan,0.020,16
31033,349.891296,-64.573555,317.972107,-49.786192,1,0.0000,0.0000,0.0000,nan,0.023,65
31100,1.694561,-45.191612,326.278557,-69.858253,1,0.3614,0.3471,1.2589,41.3231,0.011,90
31310,149.238281,3.882372,234.283829,42.351155,1,0.0000,0.0000,0.0000,nan,0.033,92
31569,346.655182,-63.260487,320.952196,-50.040935,1,1.0133,1.0031,0.0118,44.1084,0.019,95
31605,150.292969,2.686724,236.427488,42.541447,1,0.0000,0.0000,0.0000,nan,0.016,65
31824,352.398651,-62.696659,318.017427,-51.967966,1,0.1838,0.0844,0.3311,37.9246,0.020,42
32238,34.101562,-5.829153,170.247753,-60.638325,1,0.0000,0.0000,0.0000,nan,0.019,16
32309,34.804688,-5.829153,171.307861,-60.174401,1,0.2251,0.2258,0.9011,40.2521,0.023,42
32375,53.964844,-28.630989,225.142950,-53.813613,1,0.0000,0.0000,0.0000,nan,0.009,65
32695,358.636353,-46.768478,328.890146,-67.388837,1,0.7689,0.7806,0.0113,43.4371,0.008,90
33088,351.259003,-64.386185,317.344860,-50.255113,1,0.3437,0.3495,0.0200,41.3400,0.020,90
33179,51.855469,-27.953188,223.543603,-55.561470,1,0.4407,0.4765,0.4079,42.1357,0.008,90
33191,151.171875,2.238686,237.619933,42.994783,1,0.4030,0.4039,0.0174,41.7094,0.024,42
33409,33.222656,-4.780192,167.515653,-60.396584,1,0.0000,0.0000,0.0000,nan,0.018,65
33419,150.820312,3.732834,235.666318,43.572109,1,0.7462,0.7461,0.0356,43.3165,0.016,90
33422,33.574219,-6.579593,170.455585,-61.548219,1,1.1111,1.1054,0.0101,44.3693,0.021,88
34012,35.683594,-5.379379,171.992947,-59.253501,1,0.0853,0.0793,0.0210,37.7805,0.020,52
34166,0.189873,-45.586655,328.254458,-68.969298,1,0.0873,0.0909,0.0246,38.0959,0.007,42
34243,34.101562,-5.829153,170.247753,-60.638325,1,0.1416,0.5642,0.3631,42.5771,0.019,88
34299,346.276581,-64.011238,320.448031,-49.344136,1,0.1901,0.2016,0.0086,39.9759,0.019,62
34437,152.050781,2.985506,237.495952,44.143927,1,0.2657,0.2629,1.0604,40.6263,0.019,67
35197,51.679688,-27.447618,222.618229,-55.642263,1,0.2509,0.2366,0.1269,40.3670,0.010,42
35315,150.468750,3.732834,235.392208,43.283244,1,1.8476,1.5239,0.2256,45.2314,0.020,95
35555,359.805206,-46.768478,327.135979,-67.829903,1,0.0000,0.0000,0.0000,nan,0.011,65
35743,34.277344,-5.679190,170.314930,-60.410322,1,0.0781,0.0752,0.0197,37.6598,0.020,42
35772,150.117188,2.836105,236.124718,42.483719,1,0.2385,0.2588,0.0217,40.5879,0.016,90
35855,0.929752,-44.597992,328.531426,-70.083244,1,0.3815,0.4401,0.5094,41.9300,0.011,90
36085,352.398651,-62.696659,318.017427,-51.967966,1,0.1689,0.1759,0.5357,39.6465,0.020,42
36153,150.468750,1.641510,237.714575,42.075234,1,0.2547,0.2589,0.0256,40.5887,0.017,52
36337,52.558594,-27.279613,222.538937,-54.845107,1,0.0000,0.0000,0.0000,nan,0.008,65
36362,53.085938,-27.784405,223.525509,-54.460748,1,0.0000,0.0000,0.0000,nan,0.007,65
36671,149.589844,3.583322,234.885369,42.474696,1,0.0000,0.0000,0.0000,nan,0.024,65
36783,349.966217,-62.696659,319.542989,-51.376556,1,0.1287,0.1431,0.0129,39.1539,0.021,90
37149,359.816315,-44.003082,331.451340,-70.123054,1,0.9435,0.9017,0.0524,43.8228,0.013,90
37168,53.613281,-27.953188,223.929533,-54.024772,1,0.0000,0.0000,0.0000,nan,0.007,65
37661,32.871094,-4.780192,166.959493,-60.615132,1,0.1226,0.0973,0.0168,38.2528,0.017,52
37776,346.655182,-63.260487,320.952196,-50.040935,1,0.0000,0.0000,0.0000,nan,0.019,16
37865,151.171875,2.238686,237.619933,42.994783,1,0.2263,0.2221,0.0172,40.2112,0.024,90
37872,150.820312,3.134927,236.341348,43.230123,1,0.2517,0.2448,0.0217,40.4506,0.016,67
38174,1.694561,-45.191612,326.278557,-69.858253,1,1.6152,1.7388,0.1564,45.5843,0.011,88
38205,33.750000,-4.630479,168.146242,-59.949072,1,0.2945,0.2311,1.2272,40.3089,0.019,42
38244,346.655182,-63.260487,320.952196,-50.040935,1,0.0000,0.0000,0.0000,nan,0.019,65
38690,33.222656,-4.780192,167.515653,-60.396584,1,0.1801,0.1274,0.0307,38.8795,0.018,90
38730,53.261719,-27.615883,223.280041,-54.281374,1,0.0000,0.0000,0.0000,nan,0.006,16
38754,33.574219,-6.579593,170.455585,-61.548219,1,0.2646,0.2656,0.0093,40.6515,0.021,90
38899,1.666667,-44.399834,327.519190,-70.529554,1,0.4828,0.4754,0.0332,42.1297,0.009,90
39223,150.996094,2.388015,237.313912,42.939977,1,0.0000,0.0000,0.0000,nan,0.021,65
39305,346.562500,-63.448284,320.824720,-49.866957,1,0.4045,0.2986,0.1602,40.9435,0.021,90
39398,51.679688,-27.447618,222.618229,-55.642263,1,0.3347,0.5555,0.5802,42.5365,0.010,90
39597,53.085938,-28.122234,224.100909,-54.509752,1,0.1280,0.1327,0.0064,38.9763,0.007,62
39626,149.414062,2.238686,236.239766,41.565558,1,0.5197,0.4293,0.7344,41.8662,0.017,90
39846,351.382965,-64.011238,317.574052,-50.604657,1,0.1886,0.2780,0.6915,40.7654,0.023,62
40290,35.859375,-4.630479,171.270769,-58.580806,1,0.3153,0.5118,0.8469,42.3221,0.022,42
41515,358.648071,-46.375080,329.462659,-67.716008,1,0.5720,0.5797,0.0188,42.6484,0.009,90
41738,150.117188,3.732834,235.120533,42.993809,1,0.1206,0.1277,0.0222,38.8865,0.020,42
42118,0.574468,-45.981140,327.041068,-68.778764,1,0.1801,0.1977,0.0131,39.9287,0.006,62
42224,51.328125,-27.784405,223.130589,-55.999499,1,0.1119,0.0888,0.1482,38.0396,0.013,42
42288,359.415588,-46.768478,327.729895,-67.686097,1,0.3487,0.3864,0.0241,41.5962,0.009,90
42333,346.562500,-63.448284,320.824720,-49.866957,1,0.1921,0.2046,0.0101,40.0116,0.021,67
42469,2.071130,-45.191612,325.606223,-69.989264,1,1.5989,1.4913,0.1216,45.1735,0.011,95
42689,346.562500,-63.448284,320.824720,-49.866957,1,0.0000,0.0000,0.0000,nan,0.021,65
42776,152.050781,3.284369,237.157374,44.318466,1,0.0000,0.0000,0.0000,nan,0.019,16
42852,351.321442,-64.198746,317.458993,-50.429931,1,0.6771,0.6680,0.0223,43.0226,0.023,88
43028,51.679688,-27.447618,222.618229,-55.642263,1,0.1366,0.1364,0.0092,39.0408,0.010,42
43151,34.980469,-6.279288,172.180075,-60.389399,1,0.1096,0.1352,0.0222,39.0199,0.023,52
43211,34.980469,-6.279288,172.180075,-60.389399,1,0.3321,0.3275,0.0164,41.1762,0.023,90
43337,51.328125,-27.447618,222.535046,-55.950727,1,0.1775,0.2488,0.0180,40.4902,0.013,90
43413,348.595886,-63.072620,320.023289,-50.713060,1,0.0000,0.0000,0.0000,nan,0.021,16
43509,51.855469,-27.953188,223.543603,-55.561470,1,0.0000,0.0000,0.0000,nan,0.008,92
43812,150.820312,3.134927,236.341348,43.230123,1,0.2783,0.2821,0.0219,40.8022,0.016,90
43962,347.861847,-61.943836,321.519104,-51.424048,1,0.6595,0.6813,0.0340,43.0750,0.017,90
44102,152.050781,3.284369,237.157374,44.318466,1,0.2450,0.2640,0.2125,40.6366,0.019,42
44217,51.855469,-27.953188,223.543603,-55.561470,1,0.4288,0.1772,0.6584,39.6645,0.008,90
44309,34.980469,-6.279288,172.180075,-60.389399,1,0.3131,0.3059,1.2366,41.0045,0.023,90
44480,53.964844,-28.630989,225.142950,-53.813613,1,0.0000,0.0000,0.0000,nan,0.009,16
44836,151.171875,1.342993,238.602520,42.464379,1,0.0000,0.0000,0.0000,nan,0.026,65
45060,346.276581,-64.011238,320.448031,-49.344136,1,0.3613,0.3300,0.1387,41.1948,0.019,62
45115,2.097458,-45.783966,324.737840,-69.478613,1,0.0000,0.0000,0.0000,nan,0.011,65
45127,35.859375,-4.630479,171.270769,-58.580806,1,0.1378,0.1359,0.0125,39.0331,0.022,90
45203,150.820312,3.134927,236.341348,43.230123,1,0.0000,0.0000,0.0000,nan,0.016,16
45319,348.595886,-63.072620,320.023289,-50.713060,1,0.1270,0.0737,0.0272,37.6138,0.021,42
45349,32.695312,-4.929937,166.868469,-60.841230,1,0.2821,2.6404,0.9837,46.6916,0.018,67
45549,52.207031,-28.291550,224.208534,-55.300157,1,0.6733,0.7639,0.0513,43.3795,0.007,42
46210,51.855469,-27.953188,223.543603,-55.561470,1,0.0000,0.0000,0.0000,nan,0.008,65
46567,149.414062,3.433834,234.919132,42.245550,1,0.0000,0.0000,0.0000,nan,0.027,16
46804,352.398651,-62.696659,318.017427,-51.967966,1,0.2933,2.3248,0.6338,46.3561,0.020,62
46958,150.820312,3.732834,235.666318,43.572109,1,0.0000,0.0000,0.0000,nan,0.016,65
47148,53.085938,-27.784405,223.525509,-54.460748,1,0.3153,0.3234,0.0167,41.1439,0.007,90
47725,351.259003,-64.386185,317.344860,-50.255113,1,0.3615,0.2950,0.7526,40.9133,0.020,90
48187,52.207031,-26.610098,221.298836,-55.042928,1,0.5466,0.5379,0.1063,42.4521,0.014,90
48260,52.207031,-28.291550,224.208534,-55.300157,1,0.1677,0.1746,0.4651,39.6283,0.007,42
48426,351.734680,-62.884678,318.284128,-51.651217,1,0.0000,0.0000,0.0000,nan,0.019,16
48473,51.855469,-27.953188,223.543603,-55.561470,1,0.0809,0.0825,0.0165,37.8722,0.008,42
48575,32.695312,-4.929937,166.868469,-60.841230,1,0.7796,0.7698,0.0437,43.4000,0.018,90
48687,347.812500,-63.448284,320.128971,-50.202348,1,0.7916,0.8371,0.0551,43.6237,0.021,88
48725,53.613281,-28.630989,225.073365,-54.119461,1,0.3658,0.3599,0.1804,41.4145,0.006,67
48749,348.529419,-61.755440,321.293980,-51.763351,1,1.6645,1.5782,0.0657,45.3252,0.016,88
48817,348.586945,-64.573555,318.693903,-49.477869,1,0.0962,0.1446,0.6309,39.1788,0.018,90
48981,358.648071,-46.375080,329.462659,-67.716008,1,0.0000,0.0000,0.0000,nan,0.009,16
49219,33.398438,-3.732834,166.492280,-59.466614,1,0.0000,0.0000,0.0000,nan,0.022,65
49389,349.285706,-62.884678,319.786163,-51.046461,1,0.0000,0.0000,0.0000,nan,0.018,92
49529,53.613281,-27.953188,223.929533,-54.024772,1,0.1974,0.2117,0.0123,40.0947,0.007,62
49783,51.328125,-27.784405,223.130589,-55.999499,1,0.0000,0.0000,0.0000,nan,0.013,65
49937,151.347656,3.583322,236.252362,43.918627,1,0.0947,0.1091,0.0218,38.5175,0.015,52
50277,349.046051,-61.943836,320.796530,-51.753706,1,0.3009,0.2478,1.3214,40.4807,0.017,67
50395,349.891296,-64.573555,317.972107,-49.786192,1,0.1552,0.1574,0.3022,39.3801,0.023,90
51178,52.558594,-27.279613,222.538937,-54.845107,1,0.9668,0.9534,0.0188,43.9721,0.008,88
51279,1.708861,-45.586655,325.688716,-69.520253,1,0.1760,0.1824,0.3979,39.7343,0.011,90
51318,34.277344,-5.679190,170.314930,-60.410322,1,0.2987,0.3038,0.0273,40.9868,0.020,62
51490,0.574468,-45.981140,327.041068,-68.778764,1,0.3707,0.4717,0.3810,42.1099,0.006,90
51987,352.711273,-63.823658,316.922299,-51.059403,1,0.0000,0.0000,0.0000,nan,0.024,92
52150,52.207031,-26.610098,221.298836,-55.042928,1,0.2746,0.3069,0.0656,41.0122,0.014,90
52320,52.910156,-25.944481,220.366350,-54.301439,1,0.1656,2.0324,0.6458,46.0000,0.010,88
52370,352.711273,-63.823658,316.922299,-51.059403,1,0.0000,0.0000,0.0000,nan,0.024,16
52425,52.910156,-26.276812,220.926149,-54.363918,1,0.1587,0.1182,0.6266,38.7042,0.008,42
52740,53.613281,-27.953188,223.929533,-54.024772,1,0.3653,0.4721,0.8955,42.1118,0.007,90
52854,149.414062,1.940072,236.565366,41.393323,1,0.4383,0.4343,0.0335,41.8957,0.018,90
53025,358.636353,-46.768478,328.890146,-67.388837,1,0.0000,0.0000,0.0000,nan,0.008,65
53249,349.285706,-62.884678,319.786163,-51.046461,1,0.3941,0.4211,0.4203,41.8166,0.018,90
53354,34.980469,-6.279288,172.180075,-60.389399,1,0.2231,0.2134,0.0125,40.1138,0.023,62
53525,349.615387,-63.636005,318.927246,-50.506542,1,0.0000,0.0000,0.0000,nan,0.018,16
53574,0.574468,-45.981140,327.041068,-68.778764,1,0.4176,0.4427,0.0420,41.9454,0.006,90
53782,53.261719,-27.615883,223.280041,-54.281374,1,0.3798,0.3714,0.0189,41.4948,0.006,90
53938,53.437500,-29.142223,225.908120,-54.336118,1,0.0000,0.0000,0.0000,nan,0.008,16
54416,347.812500,-63.448284,320.128971,-50.202348,1,0.3708,0.3734,0.0162,41.5087,0.021,42
54883,347.617462,-62.508568,321.121462,-50.904708,1,0.7844,0.8578,0.0392,43.6891,0.019,88
54915,148.886719,2.686724,235.347248,41.389003,1,0.0000,0.0000,0.0000,nan,0.028,65
55002,52.207031,-28.291550,224.208534,-55.300157,1,0.4345,0.4175,0.0286,41.7946,0.007,90
55018,350.230255,-61.943836,320.053946,-52.070537,1,0.0000,0.0000,0.0000,nan,0.017,65
55033,151.171875,1.342993,238.602520,42.464379,1,0.4920,0.5345,0.0204,42.4355,0.026,42
55060,51.855469,-28.630989,224.733260,-55.649872,1,0.0234,0.0824,0.0202,37.8680,0.009,42
55141,2.097458,-45.783966,324.737840,-69.478613,1,0.0000,0.0000,0.0000,nan,0.011,65
55155,34.101562,-5.829153,170.247753,-60.638325,1,0.0000,0.0000,0.0000,nan,0.019,65
55354,350.230255,-61.943836,320.053946,-52.070537,1,0.1958,2.3870,0.2904,46.4258,0.017,90
55419,150.820312,3.732834,235.666318,43.572109,1,0.0967,0.1092,0.0137,38.5190,0.016,62
55946,347.617462,-62.508568,321.121462,-50.904708,1,0.0000,0.0000,0.0000,nan,0.019,65
56053,150.292969,2.686724,236.427488,42.541447,1,0.8507,0.8283,0.0406,43.5954,0.016,90
56245,1.708861,-45.586655,325.688716,-69.520253,1,0.0000,0.0000,0.0000,nan,0.011,16
56334,358.312500,-44.993881,332.185785,-68.685906,1,0.1955,0.1948,0.0100,39.8925,0.009,62
56349,1.694561,-45.191612,326.278557,-69.858253,1,0.1646,0.2000,0.1961,39.9565,0.011,52
56461,347.812500,-63.448284,320.128971,-50.202348,1,0.1760,2.4036,1.0097,46.4440,0.021,90
56769,33.574219,-5.079716,168.448505,-60.407218,1,0.0000,0.0000,0.0000,nan,0.016,65
56821,52.207031,-26.610098,221.298836,-55.042928,1,0.0775,0.0884,0.0181,38.0309,0.014,62
56893,150.117188,2.836105,236.124718,42.483719,1,0.0000,0.0000,0.0000,nan,0.016,65
56987,33.574219,-6.579593,170.455585,-61.548219,1,0.2910,0.3152,0.0132,41.0794,0.021,62
57205,359.816315,-44.003082,331.451340,-70.123054,1,0.5891,0.6057,0.0306,42.7639,0.013,90
57237,52.207031,-26.610098,221.298836,-55.042928,1,0.2544,0.3807,0.6581,41.5580,0.014,42
57263,351.299988,-62.320400,319.038597,-52.026867,1,0.0000,0.0000,0.0000,nan,0.018,65
57561,152.050781,3.284369,237.157374,44.318466,1,0.0000,0.0000,0.0000,nan,0.019,65
57666,1.666667,-44.399834,327.519190,-70.529554,1,0.4399,0.4648,0.0183,42.0716,0.009,90
57784,348.529419,-61.755440,321.293980,-51.763351,1,0.0000,0.0000,0.0000,nan,0.016,65
58174,348.529419,-61.755440,321.293980,-51.763351,1,1.1032,1.1018,0.1226,44.3607,0.016,42
58265,0.190678,-45.783966,327.956322,-68.803772,1,0.0650,0.1027,1.1126,38.3778,0.005,67
58323,349.615387,-63.636005,318.927246,-50.506542,1,1.0155,1.0187,0.0471,44.1500,0.018,88
59068,34.277344,-5.079716,169.526841,-59.956640,1,0.5716,0.5429,0.1404,42.4762,0.019,42
59128,348.529419,-61.755440,321.293980,-51.763351,1,0.6794,0.4288,0.2152,41.8629,0.016,90
59163,150.644531,3.583322,235.698235,43.342784,1,0.0000,0.0000,0.0000,nan,0.018,65
59427,151.171875,1.342993,238.602520,42.464379,1,0.0000,0.0000,0.0000,nan,0.026,65
59463,52.031250,-26.443335,220.963669,-55.168557,1,0.1439,0.1438,0.0169,39.1654,0.014,42
59580,1.753247,-46.768478,324.030235,-68.498041,1,0.4178,0.5020,0.7485,42.2716,0.014,42
59644,34.980469,-6.279288,172.180075,-60.389399,1,0.4238,0.3347,0.1863,41.2308,0.023,90
59732,347.812500,-63.448284,320.128971,-50.202348,1,0.2489,2.7125,0.9243,46.7623,0.021,90
60023,359.814819,-44.399834,330.775011,-69.801007,1,0.6857,0.6858,0.0077,43.0925,0.009,90
60098,53.261719,-27.615883,223.280041,-54.281374,1,0.2529,0.2478,0.0697,40.4804,0.006,90
60340,148.710938,2.836105,235.050801,41.328739,1,0.3521,0.3472,0.0096,41.3237,0.031,67
60350,52.558594,-27.279613,222.538937,-54.845107,1,0.5295,0.5982,0.1284,42.7310,0.008,62
60376,51.855469,-27.953188,223.543603,-55.561470,1,0.0000,0.0000,0.0000,nan,0.008,16
60407,346.130127,-63.072620,321.423103,-50.042305,1,0.0000,0.0000,0.0000,nan,0.020,65
60554,347.013428,-62.508568,321.472056,-50.735330,1,0.2356,0.2869,0.0805,40.8438,0.018,67
60742,346.562500,-63.448284,320.824720,-49.866957,1,0.0000,0.0000,0.0000,nan,0.021,65
60976,358.648071,-46.375080,329.462659,-67.716008,1,0.0615,0.0821,0.0078,37.8606,0.009,52
61101,151.171875,2.537361,237.288526,43.169764,1,0.0000,0.0000,0.0000,nan,0.024,16
61165,53.789062,-27.784405,223.685697,-53.845803,1,0.1089,0.1122,0.0140,38.5832,0.009,62
61407,53.613281,-27.953188,223.929533,-54.024772,1,0.0000,0.0000,0.0000,nan,0.007,92
61763,52.207031,-28.291550,224.208534,-55.300157,1,0.5749,0.5237,0.0263,42.3819,0.007,90
62078,0.965665,-46.375080,325.845907,-68.579427,1,0.0000,0.0000,0.0000,nan,0.007,65
62187,33.398438,-3.732834,166.492280,-59.466614,1,0.1391,0.1301,1.1896,38.9300,0.022,64
62230,53.085938,-27.784405,223.525509,-54.460748,1,0.0000,0.0000,0.0000,nan,0.007,16
62253,51.328125,-27.447618,222.535046,-55.950727,1,0.7671,0.7610,0.0367,43.3693,0.013,90
62254,53.085938,-27.111860,222.384291,-54.355086,1,0.2738,0.2895,0.0180,40.8666,0.007,90
62384,351.321442,-64.198746,317.458993,-50.429931,1,0.0000,0.0000,0.0000,nan,0.023,65
62541,347.013428,-62.508568,321.472056,-50.735330,1,0.5490,0.3280,0.8012,41.1797,0.018,90
62908,150.820312,3.134927,236.341348,43.230123,1,0.2372,0.2111,0.0189,40.0878,0.016,62
63561,359.814819,-44.399834,330.775011,-69.801007,1,0.7386,0.7247,0.0129,43.2390,0.009,90
63718,0.965665,-46.375080,325.845907,-68.579427,1,0.2891,0.4200,0.0613,41.8100,0.007,90
63860,351.382965,-64.011238,317.574052,-50.604657,1,0.1617,0.1988,0.0128,39.9412,0.023,42
64248,2.097458,-45.783966,324.737840,-69.478613,1,0.1653,0.1710,0.0196,39.5787,0.011,52
64485,348.586945,-64.573555,318.693903,-49.477869,1,0.0000,0.0000,0.0000,nan,0.018,16
64854,1.723404,-45.981140,325.117958,-69.180825,1,0.1163,0.0705,0.0098,37.5117,0.010,62
64888,52.031250,-26.443335,220.963669,-55.168557,1,0.3802,0.4086,0.7097,41.7390,0.014,90
64896,347.846710,-64.760857,318.929827,-49.143596,1,0.0991,0.1224,1.1874,38.7854,0.019,42
64911,150.820312,1.641510,237.994507,42.358984,1,0.2375,2.2621,1.0009,46.2837,0.020,90
65745,53.085938,-28.122234,224.100909,-54.509752,1,0.0680,0.0552,1.1581,36.9555,0.007,90
65749,33.398438,-4.331149,167.226341,-59.936551,1,0.0000,0.0000,0.0000,nan,0.018,65
65877,349.891296,-64.573555,317.972107,-49.786192,1,0.0000,0.0000,0.0000,nan,0.023,65
66126,348.908447,-63.823658,319.169886,-50.176186,1,0.0601,0.0718,0.0163,37.5531,0.018,42
66325,53.261719,-27.615883,223.280041,-54.281374,1,0.0000,0.0000,0.0000,nan,0.006,65
66536,150.996094,2.388015,237.313912,42.939977,1,0.3144,0.3150,0.2975,41.0779,0.021,90
66548,347.617462,-62.508568,321.121462,-50.904708,1,0.3713,0.4282,1.3857,41.8598,0.019,90
66852,2.071130,-45.191612,325.606223,-69.989264,1,0.5802,0.5679,0.0103,42.5945,0.011,42
66904,349.285706,-62.884678,319.786163,-51.046461,1,0.0000,0.0000,0.0000,nan,0.018,16
66967,150.996094,2.388015,237.313912,42.939977,1,0.4580,0.4551,0.0163,42.0168,0.021,88
66999,33.222656,-4.780192,167.515653,-60.396584,1,0.3635,0.4147,0.0332,41.7770,0.018,90
67245,150.292969,2.686724,236.427488,42.541447,1,0.0482,0.0598,0.0147,37.1379,0.016,42
67480,1.753247,-46.768478,324.030235,-68.498041,1,0.0000,0.0000,0.0000,nan,0.014,65
67514,34.101562,-5.829153,170.247753,-60.638325,1,0.2756,0.5256,0.1081,42.3913,0.019,90
67686,359.415588,-46.768478,327.729895,-67.686097,1,0.1785,0.2040,0.0109,40.0042,0.009,90
67730,52.910156,-25.944481,220.366350,-54.301439,1,0.3927,0.3926,0.0321,41.6368,0.010,90
67898,347.812500,-63.448284,320.128971,-50.202348,1,0.3824,0.3802,0.0081,41.5546,0.021,42
67981,151.523438,3.134927,236.900695,43.803170,1,0.0000,0.0000,0.0000,nan,0.019,65
68003,150.820312,3.732834,235.666318,43.572109,1,0.4201,0.4099,0.0162,41.7474,0.016,90
68276,33.398438,-3.732834,166.492280,-59.466614,1,0.0251,0.0342,0.0167,35.8818,0.022,42
68298,349.429535,-62.508568,320.039643,-51.393745,1,0.6264,0.6544,0.1479,42.9683,0.020,90
68667,348.595886,-63.072620,320.023289,-50.713060,1,0.0000,0.0000,0.0000,nan,0.021,16
68835,348.908447,-63.823658,319.169886,-50.176186,1,0.0177,0.0504,0.0318,36.7530,0.018,42
68886,2.457983,-45.389202,324.632685,-69.945696,1,0.3991,0.4463,0.3629,41.9666,0.011,52
69271,148.710938,2.836105,235.050801,41.328739,1,0.4269,0.4491,0.8217,41.9826,0.031,90
69490,51.855469,-26.276812,220.627031,-55.293792,1,0.2919,0.4825,0.1693,42.1687,0.014,42
69767,1.694561,-45.191612,326.278557,-69.858253,1,0.1603,2.4521,1.2066,46.4968,0.011,62
70046,351.321442,-64.198746,317.458993,-50.429931,1,0.3441,0.3129,0.0280,41.0610,0.023,90
70135,0.949367,-45.586655,326.991548,-69.251686,1,0.4500,0.4728,0.0167,42.1160,0.013,42
70171,53.789062,-27.784405,223.685697,-53.845803,1,0.4708,0.5059,0.0358,42.2916,0.009,90
70272,34.277344,-5.079716,169.526841,-59.956640,1,0.3088,0.3314,0.0357,41.2058,0.019,88
70276,151.171875,1.342993,238.602520,42.464379,1,0.8102,0.7948,0.0774,43.4853,0.026,88
70430,150.820312,1.641510,237.994507,42.358984,1,0.0451,0.0858,0.0255,37.9624,0.020,42
70571,149.414062,1.940072,236.565366,41.393323,1,0.3902,0.4137,1.1078,41.7706,0.018,90
70816,349.429535,-62.508568,320.039643,-51.393745,1,0.0000,0.0000,0.0000,nan,0.020,65
70898,151.171875,2.238686,237.619933,42.994783,1,0.5346,0.5478,0.0157,42.4996,0.024,90
70977,51.328125,-27.784405,223.130589,-55.999499,1,0.3428,0.3404,0.0099,41.2737,0.013,90
71068,34.453125,-5.229529,169.987075,-59.956185,1,0.2726,0.2679,1.0038,40.6730,0.019,88
71080,53.964844,-28.630989,225.142950,-53.813613,1,0.0000,0.0000,0.0000,nan,0.009,92
71084,52.558594,-27.279613,222.538937,-54.845107,1,0.1522,0.1472,0.0208,39.2216,0.008,42
71126,53.964844,-28.630989,225.142950,-53.813613,1,0.3021,0.5146,0.5741,42.3363,0.009,62
71438,52.558594,-27.279613,222.538937,-54.845107,1,0.0000,0.0000,0.0000,nan,0.008,65
71676,53.437500,-29.142223,225.908120,-54.336118,1,0.4396,0.4103,0.0209,41.7496,0.008,88
71890,348.595886,-63.072620,320.023289,-50.713060,1,0.7036,0.7024,0.0078,43.1558,0.021,88
71954,1.666667,-44.399834,327.519190,-70.529554,1,0.2483,0.2571,0.6448,40.5711,0.009,90
72053,53.613281,-27.953188,223.929533,-54.024772,1,0.2832,0.2616,0.0190,40.6141,0.007,88
72256,358.636353,-46.768478,328.890146,-67.388837,1,0.0000,0.0000,0.0000,nan,0.008,65
72337,34.277344,-5.079716,169.526841,-59.956640,1,0.2449,0.2107,0.1165,40.0824,0.019,90
72385,150.117188,2.836105,236.124718,42.483719,1,0.3029,0.2983,0.3068,40.9409,0.016,67
72426,51.679688,-27.447618,222.618229,-55.642263,1,0.5166,0.3846,0.3149,41.5839,0.010,90
72428,33.574219,-5.379379,168.838090,-60.637536,1,0.2214,2.4663,0.4396,46.5120,0.017,90
72489,53.613281,-26.944359,222.237403,-53.863858,1,0.8358,0.8312,0.0197,43.6047,0.009,90
72525,34.101562,-5.829153,170.247753,-60.638325,1,0.2407,0.2580,0.0145,40.5802,0.019,90
72735,151.699219,3.583322,236.533224,44.205648,1,0.2648,0.2313,0.0265,40.3104,0.016,67
73031,34.277344,-5.079716,169.526841,-59.956640,1,0.3151,0.5833,0.2442,42.6648,0.019,52
73236,33.398438,-3.732834,166.492280,-59.466614,1,0.1398,0.5280,0.4528,42.4036,0.022,90
73339,351.299988,-62.320400,319.038597,-52.026867,1,0.5183,0.2010,0.3771,39.9686,0.018,90
73433,349.966217,-62.696659,319.542989,-51.376556,1,0.0000,0.0000,0.0000,nan,0.021,65
73509,34.453125,-5.229529,169.987075,-59.956185,1,0.2953,0.2879,0.0259,40.8522,0.019,42
73610,34.277344,-5.079716,169.526841,-59.956640,1,0.8134,1.5079,0.3508,45.2031,0.019,95
74093,351.259003,-64.386185,317.344860,-50.255113,1,0.3940,0.4643,1.0625,42.0686,0.020,90
75116,349.891296,-64.573555,317.972107,-49.786192,1,0.0000,0.0000,0.0000,nan,0.023,16
75223,351.382965,-64.011238,317.574052,-50.604657,1,0.5652,0.5648,0.0157,42.5800,0.023,90
75562,346.562500,-63.448284,320.824720,-49.866957,1,0.0000,0.0000,0.0000,nan,0.021,65
75598,1.723404,-45.981140,325.117958,-69.180825,1,0.1652,0.1477,0.0151,39.2287,0.010,42
75646,348.529419,-61.755440,321.293980,-51.763351,1,0.2103,0.2089,0.0083,40.0620,0.016,67
75754,151.347656,3.583322,236.252362,43.918627,1,0.0000,0.0000,0.0000,nan,0.015,16
75792,148.886719,2.686724,235.347248,41.389003,1,0.3699,0.3602,0.0451,41.4171,0.028,90
75886,358.636353,-46.768478,328.890146,-67.388837,1,0.3985,0.3735,0.0375,41.5091,0.008,90
75987,54.667969,-27.615883,223.610785,-53.050840,1,0.9014,0.8506,0.0414,43.6664,0.009,88
76242,152.050781,2.985506,237.495952,44.143927,1,0.4916,0.5572,0.3767,42.5443,0.019,90
76304,348.595886,-63.072620,320.023289,-50.713060,1,2.4303,2.6811,1.0262,46.7317,0.021,95
76305,349.891296,-64.573555,317.972107,-49.786192,1,0.0000,0.0000,0.0000,nan,0.023,16
76639,346.500000,-62.320400,321.951129,-50.736054,1,0.5322,0.5077,0.0148,42.3012,0.020,90
77010,34.453125,-5.229529,169.987075,-59.956185,1,0.0000,0.0000,0.0000,nan,0.019,65
77041,346.276581,-64.011238,320.448031,-49.344136,1,0.3793,0.4070,0.6742,41.7290,0.019,90
77157,51.328125,-27.784405,223.130589,-55.999499,1,0.0000,0.0000,0.0000,nan,0.013,6
77192,151.347656,4.181528,235.568369,44.259942,1,0.3227,0.2764,0.0329,40.7513,0.016,62
77222,151.171875,1.342993,238.602520,42.464379,1,0.4342,0.3228,0.3114,41.1398,0.026,90
77292,34.277344,-5.079716,169.526841,-59.956640,1,0.1250,0.1890,0.2309,39.8194,0.019,62
77306,148.710938,2.836105,235.050801,41.328739,1,0.7167,0.6876,0.0165,43.0996,0.031,90
77340,346.500000,-62.320400,321.951129,-50.736054,1,0.8207,0.8217,0.0401,43.5741,0.020,88
77391,346.130127,-63.072620,321.423103,-50.042305,1,1.3214,1.4667,0.1459,45.1288,0.020,95
77518,53.437500,-29.142223,225.908120,-54.336118,1,0.3531,0.3522,0.0125,41.3602,0.008,67
77623,0.190678,-45.783966,327.956322,-68.803772,1,0.2765,0.2994,0.0135,40.9507,0.005,42
77825,349.046051,-61.943836,320.796530,-51.753706,1,0.1071,0.1065,0.0160,38.4603,0.017,42
77906,359.811707,-45.191612,329.485675,-69.150905,1,0.1265,0.0738,0.0297,37.6154,0.010,90
77952,358.665253,-45.783966,330.353593,-68.203652,1,0.1258,0.0858,0.0192,37.9614,0.009,90
78095,151.699219,3.583322,236.533224,44.205648,1,0.0000,0.0000,0.0000,nan,0.016,65
78233,148.710938,2.836105,235.050801,41.328739,1,0.2391,0.2060,0.0706,40.0283,0.031,90
78677,53.437500,-29.142223,225.908120,-54.336118,1,0.0000,0.0000,0.0000,nan,0.008,65
78702,349.891296,-64.573555,317.972107,-49.786192,1,0.0000,0.0000,0.0000,nan,0.023,92
78705,350.230255,-61.943836,320.053946,-52.070537,1,0.0000,0.0000,0.0000,nan,0.017,92
78727,51.679688,-27.447618,222.618229,-55.642263,1,0.1592,0.1479,0.0203,39.2318,0.010,90
78974,152.050781,3.284369,237.157374,44.318466,1,0.6592,0.6572,0.0085,42.9797,0.019,90
79002,2.097458,-45.783966,324.737840,-69.478613,1,0.4446,0.2938,0.8441,40.9035,0.011,90
79155,1.666667,-44.399834,327.519190,-70.529554,1,0.4097,0.4154,0.0160,41.7815,0.009,42
79235,52.031250,-26.443335,220.963669,-55.168557,1,0.1639,0.1669,0.0564,39.5206,0.014,42
79428,33.398438,-3.732834,166.492280,-59.466614,1,0.0000,0.0000,0.0000,nan,0.022,65
79515,53.964844,-28.630989,225.142950,-53.813613,1,0.2207,0.2188,1.1526,40.1744,0.009,90
79743,32.695312,-4.929937,166.868469,-60.841230,1,0.6266,0.6062,0.0094,42.7661,0.018,90
79819,150.820312,1.641510,237.994507,42.358984,1,0.1742,0.1725,0.0134,39.5994,0.020,42
79921,352.132874,-63.636005,317.424173,-51.095855,1,0.1638,0.1709,0.0219,39.5766,0.021,42
80155,53.085938,-28.122234,224.100909,-54.509752,1,0.3628,0.3633,0.0418,41.4386,0.007,90
80205,33.925781,-5.979157,170.179895,-60.866303,1,0.8134,0.7508,0.1176,43.3333,0.022,95
80780,152.050781,3.284369,237.157374,44.318466,1,0.1684,0.1902,0.0581,39.8341,0.019,42
80832,150.117188,2.238686,236.784618,42.139082,1,0.3950,0.3665,0.0146,41.4614,0.016,90
80852,151.347656,3.583322,236.252362,43.918627,1,0.2569,0.2659,0.0082,40.6545,0.015,62
80903,52.910156,-26.276812,220.926149,-54.363918,1,0.4140,0.4279,0.0171,41.8576,0.008,90
81000,150.996094,2.985506,236.647967,43.287350,1,0.2989,0.3106,0.0100,41.0422,0.020,42
81252,33.574219,-4.780192,168.064587,-60.175886,1,0.1494,0.1737,0.6985,39.6157,0.019,62
81464,149.414062,3.433834,234.919132,42.245550,1,0.2854,0.2818,0.3207,40.7987,0.027,42
81665,53.789062,-27.784405,223.685697,-53.845803,1,0.0000,0.0000,0.0000,nan,0.009,65
82302,346.276581,-64.011238,320.448031,-49.344136,1,0.0000,0.0000,0.0000,nan,0.019,65
82401,51.855469,-28.630989,224.733260,-55.649872,1,0.0000,0.0000,0.0000,nan,0.009,16
82409,348.595886,-63.072620,320.023289,-50.713060,1,0.1147,2.6274,1.1973,46.6786,0.021,42
82702,35.683594,-5.379379,171.992947,-59.253501,1,0.3194,0.2986,0.0204,40.9437,0.020,90
82740,349.615387,-63.636005,318.927246,-50.506542,1,1.0263,1.0228,0.2611,44.1609,0.018,88
83348,349.429535,-62.508568,320.039643,-51.393745,1,0.0000,0.0000,0.0000,nan,0.020,6
83410,51.855469,-26.276812,220.627031,-55.293792,1,0.5138,0.5071,0.0093,42.2980,0.014,90
83462,150.820312,3.134927,236.341348,43.230123,1,0.3424,0.3239,0.0179,41.1483,0.016,90
83634,349.285706,-62.884678,319.786163,-51.046461,1,2.1107,1.3813,0.4158,44.9680,0.018,95
83821,359.415588,-46.768478,327.729895,-67.686097,1,0.0000,0.0000,0.0000,nan,0.009,65
83872,149.589844,3.583322,234.885369,42.474696,1,0.2160,0.2054,0.2819,40.0211,0.024,90
83954,346.276581,-64.011238,320.448031,-49.344136,1,0.4390,0.4535,0.0428,42.0079,0.019,90
83961,1.753247,-46.768478,324.030235,-68.498041,1,0.2177,0.2211,0.0151,40.2004,0.014,90
84306,151.171875,2.537361,237.288526,43.169764,1,0.0000,0.0000,0.0000,nan,0.024,16
84716,151.523438,3.134927,236.900695,43.803170,1,0.4303,0.2925,1.0152,40.8923,0.019,90
84758,349.615387,-63.636005,318.927246,-50.506542,1,0.0000,0.0000,0.0000,nan,0.018,65
85125,53.085938,-28.122234,224.100909,-54.509752,1,0.0000,0.0000,0.0000,nan,0.007,65
85470,33.398438,-4.331149,167.226341,-59.936551,1,0.0000,0.0000,0.0000,nan,0.018,65
85490,348.908447,-63.823658,319.169886,-50.176186,1,0.2537,0.5506,0.2880,42.5130,0.018,90
85789,53.437500,-29.142223,225.908120,-54.336118,1,0.2990,0.2893,0.0367,40.8644,0.008,62
86456,33.574219,-5.379379,168.838090,-60.637536,1,0.2127,0.2191,0.0141,40.1785,0.017,42
86487,0.574468,-45.981140,327.041068,-68.778764,1,0.3850,0.3847,0.0333,41.5849,0.006,90
86759,348.529419,-61.755440,321.293980,-51.763351,1,0.0000,0.0000,0.0000,nan,0.016,65
86834,149.589844,3.583322,234.885369,42.474696,1,0.3160,0.4622,0.4742,42.0568,0.024,90
87180,150.820312,1.641510,237.994507,42.358984,1,0.1782,0.1820,0.0103,39.7288,0.020,62
87467,150.820312,3.134927,236.341348,43.230123,1,0.0000,0.0000,0.0000,nan,0.016,65
87498,152.050781,2.985506,237.495952,44.143927,1,0.0000,0.0000,0.0000,nan,0.019,16
87608,358.665253,-45.783966,330.353593,-68.203652,1,0.1894,0.2101,0.0179,40.0763,0.009,90
87685,347.861847,-61.943836,321.519104,-51.424048,1,0.3743,0.3612,0.0219,41.4237,0.017,90
87703,51.855469,-26.276812,220.627031,-55.293792,1,0.3246,0.5019,0.3014,42.2711,0.014,90
88073,347.013428,-62.508568,321.472056,-50.735330,1,0.0000,0.0000,0.0000,nan,0.018,92
88180,149.414062,1.940072,236.565366,41.393323,1,0.2996,2.6936,1.3051,46.7439,0.018,67
88195,53.964844,-28.630989,225.142950,-53.813613,1,0.3403,0.3448,0.0304,41.3063,0.009,90
88511,53.613281,-28.630989,225.073365,-54.119461,1,0.0000,0.0000,0.0000,nan,0.006,65
88587,352.711273,-63.823658,316.922299,-51.059403,1,0.7839,0.7789,0.0120,43.4314,0.024,90
88600,351.321442,-64.198746,317.458993,-50.429931,1,0.3303,0.3150,0.3295,41.0778,0.023,90
88627,32.871094,-4.780192,166.959493,-60.615132,1,0.3934,0.4406,0.0433,41.9329,0.017,67
88980,351.382965,-64.011238,317.574052,-50.604657,1,0.0000,0.0000,0.0000,nan,0.023,16
89157,348.908447,-63.823658,319.169886,-50.176186,1,0.0000,0.0000,0.0000,nan,0.018,92
89298,359.811707,-45.191612,329.485675,-69.150905,1,0.0000,0.0000,0.0000,nan,0.010,16
89387,346.130127,-63.072620,321.423103,-50.042305,1,0.6210,0.4739,0.0648,42.1217,0.020,90
89455,0.189873,-45.586655,328.254458,-68.969298,1,0.2603,0.2485,0.0142,40.4873,0.007,90
89709,52.910156,-25.944481,220.366350,-54.301439,1,0.0000,0.0000,0.0000,nan,0.010,92
89999,149.238281,3.882372,234.283829,42.351155,1,0.2640,0.3194,0.0576,41.1125,0.033,90
90399,51.328125,-27.784405,223.130589,-55.999499,1,0.0000,0.0000,0.0000,nan,0.013,65
90534,152.050781,3.284369,237.157374,44.318466,1,0.1759,0.1913,0.0131,39.8481,0.019,62
90645,51.855469,-28.630989,224.733260,-55.649872,1,0.4496,0.4486,0.0173,41.9797,0.009,90
90814,348.595886,-63.072620,320.023289,-50.713060,1,0.2252,0.2208,0.0172,40.1971,0.021,62
90892,152.050781,3.284369,237.157374,44.318466,1,0.0322,0.0365,0.0161,36.0320,0.019,52
91219,150.820312,3.134927,236.341348,43.230123,1,0.2921,0.5086,0.1231,42.3058,0.016,90
91291,352.711273,-63.823658,316.922299,-51.059403,1,0.1826,0.1746,0.0132,39.6288,0.024,90
91335,151.699219,3.583322,236.533224,44.205648,1,1.0655,1.4889,0.2658,45.1692,0.016,88
91337,53.613281,-27.953188,223.929533,-54.024772,1,0.0000,0.0000,0.0000,nan,0.007,65
91460,53.613281,-28.630989,225.073365,-54.119461,1,0.2782,0.5294,0.2771,42.4103,0.006,90
91610,346.130127,-63.072620,321.423103,-50.042305,1,0.2326,0.2302,0.0070,40.2992,0.020,42
91644,349.891296,-64.573555,317.972107,-49.786192,1,0.1893,0.1839,0.1322,39.7535,0.023,90
91917,152.050781,2.985506,237.495952,44.143927,1,0.2448,0.2740,0.0117,40.7289,0.019,90
91988,150.468750,1.641510,237.714575,42.075234,1,0.0000,0.0000,0.0000,nan,0.017,65
92334,350.230255,-61.943836,320.053946,-52.070537,1,0.0000,0.0000,0.0000,nan,0.017,65
92354,51.328125,-27.784405,223.130589,-55.999499,1,0.5449,0.5807,0.0374,42.6530,0.013,88
92566,1.753247,-46.768478,324.030235,-68.498041,1,0.0000,0.0000,0.0000,nan,0.014,16
92577,351.734680,-62.884678,318.284128,-51.651217,1,0.4426,0.3854,0.6831,41.5893,0.019,90
92904,347.812500,-63.448284,320.128971,-50.202348,1,0.2536,0.2814,0.0325,40.7958,0.021,62
92929,348.908447,-63.823658,319.169886,-50.176186,1,0.0000,0.0000,0.0000,nan,0.018,65
93333,151.171875,1.342993,238.602520,42.464379,1,0.4029,0.3217,0.4659,41.1310,0.026,90
93362,51.855469,-28.630989,224.733260,-55.649872,1,0.0000,0.0000,0.0000,nan,0.009,92
93509,51.855469,-26.276812,220.627031,-55.293792,1,0.0587,0.0644,0.0151,37.3066,0.014,42
93663,53.964844,-28.630989,225.142950,-53.813613,1,0.4196,0.4099,0.0367,41.7471,0.009,90
94004,52.910156,-27.953188,223.774083,-54.639214,1,0.2354,0.2257,0.0162,40.2510,0.007,62
94107,34.980469,-6.279288,172.180075,-60.389399,1,0.0000,0.0000,0.0000,nan,0.023,16
94229,52.207031,-28.291550,224.208534,-55.300157,1,0.3853,0.4477,0.0268,41.9745,0.007,90
94613,2.457983,-45.389202,324.632685,-69.945696,1,0.0739,0.0616,0.0188,37.2044,0.011,62
94704,349.966217,-62.696659,319.542989,-51.376556,1,0.2722,0.2658,0.0080,40.6537,0.021,90
95127,351.299988,-62.320400,319.038597,-52.026867,1,1.8136,1.6691,0.2276,45.4751,0.018,95
95147,149.238281,3.882372,234.283829,42.351155,1,0.0000,0.0000,0.0000,nan,0.033,65
95369,53.613281,-28.630989,225.073365,-54.119461,1,0.1313,0.5834,0.7684,42.6652,0.006,62
95455,351.259003,-64.386185,317.344860,-50.255113,1,0.4942,0.5590,0.1899,42.5528,0.020,90
95483,150.820312,3.732834,235.666318,43.572109,1,0.8512,0.8164,0.0436,43.5568,0.016,88
95508,149.414062,2.238686,236.239766,41.565558,1,0.6107,0.5480,0.0306,42.5009,0.017,88
95566,33.574219,-5.079716,168.448505,-60.407218,1,0.3880,0.4580,0.0992,42.0331,0.016,90
95580,34.101562,-5.829153,170.247753,-60.638325,1,0.4200,0.4311,0.0132,41.8770,0.019,90
95690,351.734680,-62.884678,318.284128,-51.651217,1,0.3442,0.3507,0.0052,41.3494,0.019,42
95741,35.332031,-5.979157,172.286722,-59.931743,1,0.5064,0.5368,0.0209,42.4469,0.022,52
95864,53.085938,-27.111860,222.384291,-54.355086,1,0.0000,0.0000,0.0000,nan,0.007,92
96284,152.050781,3.284369,237.157374,44.318466,1,0.1593,2.4014,0.4125,46.4417,0.019,42
97053,150.117188,3.732834,235.120533,42.993809,1,0.0000,0.0000,0.0000,nan,0.020,65
97406,347.846710,-64.760857,318.929827,-49.143596,1,0.1163,0.0897,0.8592,38.0649,0.019,15
97687,346.655182,-63.260487,320.952196,-50.040935,1,0.4603,0.4626,0.0271,42.0594,0.019,90
97850,351.259003,-64.386185,317.344860,-50.255113,1,0.3090,0.3005,0.0119,40.9599,0.020,90
97920,150.820312,3.134927,236.341348,43.230123,1,0.3588,0.3524,0.0238,41.3611,0.016,67
97957,1.723404,-45.981140,325.117958,-69.180825,1,0.2947,0.2906,0.0093,40.8754,0.010,90
98533,349.615387,-63.636005,318.927246,-50.506542,1,0.0000,0.0000,0.0000,nan,0.018,65
98570,1.708861,-45.586655,325.688716,-69.520253,1,0.6197,0.5296,0.0328,42.4113,0.011,42
98749,33.750000,-4.630479,168.146242,-59.949072,1,0.1473,0.0973,0.6573,38.2516,0.019,67
99013,350.230255,-61.943836,320.053946,-52.070537,1,0.5255,0.5303,0.0220,42.4150,0.017,90
99050,52.207031,-26.610098,221.298836,-55.042928,1,0.2972,0.3036,0.1492,40.9851,0.014,42
99261,53.613281,-27.953188,223.929533,-54.024772,1,0.1411,0.0857,0.0282,37.9579,0.007,90
99280,359.811707,-45.191612,329.485675,-69.150905,1,0.2037,0.2150,0.0079,40.1324,0.010,62
99293,347.846710,-64.760857,318.929827,-49.143596,1,0.3106,0.3644,0.0251,41.4467,0.019,90
99294,348.529419,-61.755440,321.293980,-51.763351,1,0.5552,0.5204,0.0185,42.3656,0.016,90
99452,352.711273,-63.823658,316.922299,-51.059403,1,0.8420,0.8479,0.0465,43.6581,0.024,88
99642,347.846710,-64.760857,318.929827,-49.143596,1,0.2320,0.2369,1.1397,40.3699,0.019,90
99862,52.207031,-28.291550,224.208534,-55.300157,1,0.5810,0.5733,0.0141,42.6194,0.007,42
99932,51.855469,-28.630989,224.733260,-55.649872,1,0.0000,0.0000,0.0000,nan,0.009,65
100057,346.130127,-63.072620,321.423103,-50.042305,1,0.8320,0.8006,0.0197,43.5045,0.020,90
100097,348.529419,-61.755440,321.293980,-51.763351,1,0.1566,0.1745,0.0186,39.6271,0.016,42
100133,346.655182,-63.260487,320.952196,-50.040935,1,0.2309,0.2215,0.0190,40.2046,0.019,42
100331,52.207031,-26.610098,221.298836,-55.042928,1,0.1684,0.1999,0.0173,39.9556,0.014,42
101050,32.695312,-4.929937,166.868469,-60.841230,1,0.2222,0.2529,0.0906,40.5303,0.018,90
101298,34.277344,-5.079716,169.526841,-59.956640,1,0.1848,0.1983,0.0069,39.9355,0.019,90
101374,51.855469,-26.276812,220.627031,-55.293792,1,0.0000,0.0000,0.0000,nan,0.014,16
101489,359.816315,-44.003082,331.451340,-70.123054,1,0.0721,0.0695,0.0025,37.4803,0.013,42
101508,358.648071,-46.375080,329.462659,-67.716008,1,0.0656,0.0249,0.0130,35.1822,0.009,90
101890,346.276581,-64.011238,320.448031,-49.344136,1,0.0000,0.0000,0.0000,nan,0.019,65
102036,53.789062,-27.784405,223.685697,-53.845803,1,0.2331,0.2269,0.0197,40.2635,0.009,42
102330,148.886719,2.686724,235.347248,41.389003,1,0.0000,0.0000,0.0000,nan,0.028,16
102343,51.328125,-27.447618,222.535046,-55.950727,1,0.1081,0.1422,0.0164,39.1394,0.013,67
102363,349.160583,-64.760857,318.219706,-49.458924,1,0.8046,0.7835,0.0167,43.4470,0.020,90
102745,349.615387,-63.636005,318.927246,-50.506542,1,0.2460,0.2333,1.0359,40.3315,0.018,90
102823,347.861847,-61.943836,321.519104,-51.424048,1,0.0000,0.0000,0.0000,nan,0.017,65
102864,0.574468,-45.981140,327.041068,-68.778764,1,0.2123,0.2254,0.0097,40.2473,0.006,42
103023,359.811707,-45.191612,329.485675,-69.150905,1,0.3221,0.2994,0.0125,40.9500,0.010,90
103026,348.529419,-61.755440,321.293980,-51.763351,1,0.1949,0.2006,0.0174,39.9637,0.016,42
103100,34.101562,-5.829153,170.247753,-60.638325,1,0.5057,0.4350,0.0240,41.9001,0.019,90
103145,349.160583,-64.760857,318.219706,-49.458924,1,0.6603,0.6380,0.0433,42.9010,0.020,90
103162,350.230255,-61.943836,320.053946,-52.070537,1,0.1101,0.1207,0.0096,38.7539,0.017,90
103171,1.753247,-46.768478,324.030235,-68.498041,1,0.0000,0.0000,0.0000,nan,0.014,92
103350,359.446716,-44.201530,331.730015,-69.805709,1,0.6777,0.6935,0.0507,43.1220,0.010,90
103354,150.117188,2.836105,236.124718,42.483719,1,2.7124,2.7655,0.0801,46.8131,0.016,88
103572,52.207031,-28.291550,224.208534,-55.300157,1,0.0000,0.0000,0.0000,nan,0.007,65
103927,150.820312,1.641510,237.994507,42.358984,1,0.2130,0.2282,0.0218,40.2779,0.020,90
103948,33.574219,-4.780192,168.064587,-60.175886,1,0.2257,0.2319,0.1182,40.3169,0.019,52
103967,0.190678,-45.783966,327.956322,-68.803772,1,0.5094,0.4789,0.0608,42.1493,0.005,42
104212,53.789062,-27.784405,223.685697,-53.845803,1,0.3895,0.3850,1.0136,41.5869,0.009,90
104397,349.966217,-62.696659,319.542989,-51.376556,1,0.3220,0.3038,0.0187,40.9870,0.021,90
104476,51.855469,-28.630989,224.733260,-55.649872,1,1.4820,1.4819,0.1602,45.1565,0.009,95
104498,149.238281,3.882372,234.283829,42.351155,1,0.1312,0.1100,0.0094,38.5371,0.033,67
104523,152.050781,3.284369,237.157374,44.318466,1,0.0000,0.0000,0.0000,nan,0.019,16
104526,349.615387,-63.636005,318.927246,-50.506542,1,0.2353,0.2389,0.0148,40.3902,0.018,42
104701,352.132874,-63.636005,317.424173,-51.095855,1,0.0000,0.0000,0.0000,nan,0.021,65
105744,348.908447,-63.823658,319.169886,-50.176186,1,0.3087,0.3318,1.0382,41.2090,0.018,90
106177,358.312500,-44.993881,332.185785,-68.685906,1,0.6593,0.5956,0.1033,42.7194,0.009,90
106429,152.050781,2.985506,237.495952,44.143927,1,0.0000,0.0000,0.0000,nan,0.019,16
106434,33.574219,-4.780192,168.064587,-60.175886,1,0.2861,0.2795,0.0098,40.7789,0.019,62
106594,0.589520,-47.161343,325.385896,-67.769893,1,0.2403,0.2370,1.0591,40.3710,0.009,88
106730,347.013428,-62.508568,321.472056,-50.735330,1,0.1576,2.2437,0.3333,46.2621,0.018,52
106743,0.574468,-45.981140,327.041068,-68.778764,1,0.2154,0.2539,0.0150,40.5405,0.006,90
106818,348.595886,-63.072620,320.023289,-50.713060,1,0.0000,0.0000,0.0000,nan,0.021,92
106937,53.085938,-28.122234,224.100909,-54.509752,1,0.3656,0.3882,0.8841,41.6079,0.007,52
107193,359.058563,-45.191612,330.695783,-68.844915,1,0.2109,0.1761,0.0082,39.6492,0.011,90
107439,150.468750,3.732834,235.392208,43.283244,1,0.9187,1.5247,0.3061,45.2328,0.020,88
107451,347.861847,-61.943836,321.519104,-51.424048,1,0.0000,0.0000,0.0000,nan,0.017,65
107568,33.750000,-4.630479,168.146242,-59.949072,1,0.1042,0.0802,0.0143,37.8074,0.019,67
107615,150.117188,2.836105,236.124718,42.483719,1,0.1323,2.3872,0.9055,46.4260,0.016,42
107712,53.261719,-27.615883,223.280041,-54.281374,1,0.1282,0.1450,0.0286,39.1863,0.006,90
107901,359.058563,-45.191612,330.695783,-68.844915,1,0.0000,0.0000,0.0000,nan,0.011,65
108021,150.996094,4.181528,235.291975,43.970869,1,0.2815,0.3756,0.8142,41.5232,0.015,62
108141,53.789062,-27.784405,223.685697,-53.845803,1,0.2179,0.2239,0.0151,40.2317,0.009,90
108229,351.321442,-64.198746,317.458993,-50.429931,1,0.1858,0.2022,1.1539,39.9826,0.023,90
108358,349.891296,-64.573555,317.972107,-49.786192,1,0.0769,0.2433,1.0869,40.4350,0.023,52
108487,359.816315,-44.003082,331.451340,-70.123054,1,0.1787,0.2401,0.6645,40.4026,0.013,42
108554,33.222656,-4.780192,167.515653,-60.396584,1,0.4478,0.4542,0.0258,42.0120,0.018,90
108693,0.574468,-45.981140,327.041068,-68.778764,1,0.4868,0.4183,0.0364,41.7991,0.006,90
108739,53.085938,-28.122234,224.100909,-54.509752,1,0.4453,0.4388,0.0272,41.9226,0.007,90
108888,358.648071,-46.375080,329.462659,-67.716008,1,0.6247,0.5951,0.0599,42.7172,0.009,90
109036,1.753247,-46.768478,324.030235,-68.498041,1,0.1924,0.1862,0.2684,39.7838,0.014,90
109057,348.595886,-63.072620,320.023289,-50.713060,1,0.4499,0.3307,1.0499,41.2005,0.021,90
109294,359.814819,-44.399834,330.775011,-69.801007,1,0.3014,0.3643,0.8070,41.4461,0.009,90
109516,1.753247,-46.768478,324.030235,-68.498041,1,0.3828,0.3941,0.0095,41.6466,0.014,95
109654,347.013428,-62.508568,321.472056,-50.735330,1,0.1395,0.1231,0.0131,38.8003,0.018,90
109860,0.929752,-44.597992,328.531426,-70.083244,1,0.2708,0.2639,0.0184,40.6357,0.011,42
109903,150.996094,2.388015,237.313912,42.939977,1,0.3892,0.3579,0.0137,41.4006,0.021,62
109937,149.414062,3.433834,234.919132,42.245550,1,0.6620,0.6423,0.0188,42.9190,0.027,88
110241,34.453125,-5.229529,169.987075,-59.956185,1,0.1072,0.0924,0.4007,38.1327,0.019,42
110257,148.886719,2.686724,235.347248,41.389003,1,0.9318,0.8495,0.0379,43.6631,0.028,88
110270,54.667969,-27.615883,223.610785,-53.050840,1,0.8259,0.8541,0.0446,43.6776,0.009,90
110304,53.261719,-27.615883,223.280041,-54.281374,1,0.2475,0.5457,0.2676,42.4899,0.006,62
110387,151.347656,4.181528,235.568369,44.259942,1,0.4318,0.4218,0.6713,41.8205,0.016,90
110551,51.328125,-27.447618,222.535046,-55.950727,1,0.4861,0.3027,0.3931,40.9783,0.013,88
110768,351.734680,-62.884678,318.284128,-51.651217,1,2.9378,2.8626,1.1139,46.9035,0.019,88
110958,349.615387,-63.636005,318.927246,-50.506542,1,0.4630,0.4742,0.5031,42.1236,0.018,90
111281,0.589520,-47.161343,325.385896,-67.769893,1,1.4967,1.6014,0.0895,45.3643,0.009,42
111283,150.468750,1.641510,237.714575,42.075234,1,0.6565,0.6363,0.0252,42.8941,0.017,90
111448,51.855469,-27.953188,223.543603,-55.561470,1,0.0000,0.0000,0.0000,nan,0.008,65
111650,351.734680,-62.884678,318.284128,-51.651217,1,0.0000,0.0000,0.0000,nan,0.019,65
111795,34.453125,-5.229529,169.987075,-59.956185,1,0.4070,0.3077,1.0584,41.0187,0.019,90
111799,52.558594,-27.279613,222.538937,-54.845107,1,0.2813,0.5741,0.4749,42.6227,0.008,42
112151,349.966217,-62.696659,319.542989,-51.376556,1,0.5341,0.5419,0.0204,42.4716,0.021,90
112462,33.574219,-4.780192,168.064587,-60.175886,1,0.4045,0.4356,0.0299,41.9040,0.019,90
112629,346.276581,-64.011238,320.448031,-49.344136,1,0.0000,0.0000,0.0000,nan,0.019,16
112717,35.683594,-5.379379,171.992947,-59.253501,1,0.2867,0.3138,0.8216,41.0680,0.020,67
112764,347.812500,-63.448284,320.128971,-50.202348,1,0.3208,0.2995,0.0255,40.9517,0.021,90
112782,32.871094,-4.780192,166.959493,-60.615132,1,0.4211,0.4038,0.0224,41.7088,0.017,90
112886,351.953644,-62.132156,318.777388,-52.347124,1,0.0000,0.0000,0.0000,nan,0.019,65
113028,151.699219,3.583322,236.533224,44.205648,1,0.0000,0.0000,0.0000,nan,0.016,65
113206,52.207031,-28.291550,224.208534,-55.300157,1,0.2446,0.2208,0.0078,40.1969,0.007,42
113335,358.636353,-46.768478,328.890146,-67.388837,1,0.0000,0.0000,0.0000,nan,0.008,65
113625,149.589844,3.583322,234.885369,42.474696,1,0.2615,0.2381,0.0160,40.3824,0.024,90
113669,351.299988,-62.320400,319.038597,-52.026867,1,0.2914,0.2905,0.0061,40.8748,0.018,15
113982,359.805206,-46.768478,327.135979,-67.829903,1,0.7438,0.9216,0.1482,43.8813,0.011,90
114191,33.574219,-6.579593,170.455585,-61.548219,1,0.0000,0.0000,0.0000,nan,0.021,65
114341,151.699219,3.583322,236.533224,44.205648,1,0.1709,2.3232,0.5051,46.3542,0.016,42
114626,2.071130,-45.191612,325.606223,-69.989264,1,0.5702,0.5408,0.0178,42.4659,0.011,90
114670,150.996094,2.388015,237.313912,42.939977,1,0.2930,0.2607,0.0670,40.6057,0.021,90
114715,0.965665,-46.375080,325.845907,-68.579427,1,0.2141,0.2020,0.0362,39.9807,0.007,67
114808,52.207031,-26.610098,221.298836,-55.042928,1,0.3037,0.2944,0.0104,40.9082,0.014,90
115053,33.925781,-5.979157,170.179895,-60.866303,1,0.1649,0.1424,0.2329,39.1427,0.022,42
115079,1.694561,-45.191612,326.278557,-69.858253,1,0.2207,0.2325,0.0072,40.3232,0.011,90
115157,2.457983,-45.389202,324.632685,-69.945696,1,0.6382,0.5628,0.0442,42.5706,0.011,90
115336,351.734680,-62.884678,318.284128,-51.651217,1,1.7312,1.7123,0.0766,45.5432,0.019,95
115638,358.665253,-45.783966,330.353593,-68.203652,1,0.6365,0.6239,0.0079,42.8420,0.009,90
115670,151.347656,3.583322,236.252362,43.918627,1,0.0000,0.0000,0.0000,nan,0.015,16
115792,352.711273,-63.823658,316.922299,-51.059403,1,0.2389,0.2859,0.0505,40.8350,0.024,90
115859,148.886719,2.686724,235.347248,41.389003,1,1.4248,1.2871,0.1757,44.7782,0.028,88
115937,51.679688,-27.447618,222.618229,-55.642263,1,0.0000,0.0000,0.0000,nan,0.010,65
116132,150.292969,2.686724,236.427488,42.541447,1,0.0878,0.0965,0.0207,38.2336,0.016,62
116212,150.644531,3.583322,235.698235,43.342784,1,0.2344,0.2757,1.1756,40.7443,0.018,90
116570,51.855469,-27.953188,223.543603,-55.561470,1,0.0000,0.0000,0.0000,nan,0.008,16
116720,34.980469,-6.279288,172.180075,-60.389399,1,0.4081,0.3212,0.0367,41.1269,0.023,90
116818,359.805206,-46.768478,327.135979,-67.829903,1,0.6528,0.7091,0.0211,43.1811,0.011,88
117016,349.966217,-62.696659,319.542989,-51.376556,1,0.0000,0.0000,0.0000,nan,0.021,92
117104,346.130127,-63.072620,321.423103,-50.042305,1,0.0000,0.0000,0.0000,nan,0.020,92
117184,352.132874,-63.636005,317.424173,-51.095855,1,0.0000,0.0000,0.0000,nan,0.021,16
117393,52.910156,-25.944481,220.366350,-54.301439,1,0.8259,0.8295,0.0204,43.5993,0.010,90
117461,53.261719,-27.615883,223.280041,-54.281374,1,0.0000,0.0000,0.0000,nan,0.006,92
117513,151.347656,3.583322,236.252362,43.918627,1,0.8515,0.8845,0.0148,43.7712,0.015,90
117774,346.276581,-64.011238,320.448031,-49.344136,1,0.5589,0.5608,0.1532,42.5611,0.019,90
118211,151.699219,3.583322,236.533224,44.205648,1,0.2420,0.2139,1.1778,40.1199,0.016,90
118422,149.589844,3.583322,234.885369,42.474696,1,0.0000,0.0000,0.0000,nan,0.024,65
118455,347.861847,-61.943836,321.519104,-51.424048,1,0.1346,0.1396,0.3139,39.0951,0.017,90
118770,53.085938,-28.122234,224.100909,-54.509752,1,0.2642,0.6375,0.0267,42.8991,0.007,90
118868,350.230255,-61.943836,320.053946,-52.070537,1,0.0000,0.0000,0.0000,nan,0.017,65
118979,2.457983,-45.389202,324.632685,-69.945696,1,0.2374,0.5280,0.1420,42.4036,0.011,67
119215,52.031250,-26.443335,220.963669,-55.168557,1,0.2490,0.2486,0.0069,40.4887,0.014,90
119383,0.949367,-45.586655,326.991548,-69.251686,1,0.3501,0.2602,0.6723,40.6012,0.013,42
119494,150.117188,2.836105,236.124718,42.483719,1,0.2113,0.2256,0.0219,40.2502,0.016,90
119647,151.523438,3.134927,236.900695,43.803170,1,0.1844,0.1571,0.0210,39.3762,0.019,62
119811,348.586945,-64.573555,318.693903,-49.477869,1,0.7287,0.7966,0.0308,43.4912,0.018,90
119882,358.312500,-44.993881,332.185785,-68.685906,1,0.0000,0.0000,0.0000,nan,0.009,65
120356,32.695312,-4.929937,166.868469,-60.841230,1,0.0582,0.0543,0.0185,36.9203,0.018,42
120927,152.050781,3.284369,237.157374,44.318466,1,0.4807,0.4897,0.0334,42.2071,0.019,90
121107,35.332031,-5.979157,172.286722,-59.931743,1,0.5440,0.2209,0.2405,40.1982,0.022,90
121182,53.085938,-28.122234,224.100909,-54.509752,1,0.0000,0.0000,0.0000,nan,0.007,65
121224,359.811707,-45.191612,329.485675,-69.150905,1,0.1244,2.3005,0.4304,46.3283,0.010,42
121266,151.347656,3.583322,236.252362,43.918627,1,0.4062,0.5002,0.0481,42.2623,0.015,42
121301,52.207031,-28.630989,224.800211,-55.343637,1,0.1459,0.1449,1.1250,39.1845,0.009,62
121440,53.613281,-28.630989,225.073365,-54.119461,1,0.2230,0.2219,0.1530,40.2089,0.006,42
121447,0.189873,-45.586655,328.254458,-68.969298,1,0.2571,0.2465,0.0106,40.4674,0.007,90
121704,359.805206,-46.768478,327.135979,-67.829903,1,1.5357,1.5245,0.1053,45.2324,0.011,88
121705,352.132874,-63.636005,317.424173,-51.095855,1,0.1125,0.1219,0.0187,38.7767,0.021,42
121783,35.332031,-5.979157,172.286722,-59.931743,1,0.1324,0.0956,0.0132,38.2109,0.022,90
121803,348.586945,-64.573555,318.693903,-49.477869,1,0.2563,0.3703,1.1769,41.4870,0.018,90
121883,150.117188,2.836105,236.124718,42.483719,1,0.0000,0.0000,0.0000,nan,0.016,65
122235,53.085938,-28.122234,224.100909,-54.509752,1,0.0000,0.0000,0.0000,nan,0.007,65
122275,54.667969,-27.615883,223.610785,-53.050840,1,0.3172,0.5059,0.1684,42.2916,0.009,90
122716,33.398438,-3.732834,166.492280,-59.466614,1,0.0000,0.0000,0.0000,nan,0.022,65
122965,53.085938,-28.122234,224.100909,-54.509752,1,0.7135,0.7416,0.0359,43.3006,0.007,90
123035,150.468750,3.732834,235.392208,43.283244,1,0.2740,0.3135,0.5471,41.0660,0.020,52
123151,52.207031,-28.291550,224.208534,-55.300157,1,0.2548,0.2657,0.0184,40.6528,0.007,62
123211,150.996094,2.985506,236.647967,43.287350,1,1.6177,1.6654,0.0205,45.4691,0.020,88
123244,1.363636,-46.768478,324.669342,-68.371416,1,0.4582,0.3682,0.3963,41.4728,0.008,42
123437,348.595886,-63.072620,320.023289,-50.713060,1,0.1987,0.2137,0.0164,40.1178,0.021,52
123493,34.804688,-5.829153,171.307861,-60.174401,1,1.0395,0.9736,0.2348,44.0284,0.023,95
123743,152.050781,2.985506,237.495952,44.143927,1,0.2016,0.2129,0.0188,40.1084,0.019,90
123926,151.171875,1.342993,238.602520,42.464379,1,0.0000,0.0000,0.0000,nan,0.026,16
123927,150.468750,3.732834,235.392208,43.283244,1,0.0000,0.0000,0.0000,nan,0.020,16
124006,2.457983,-45.389202,324.632685,-69.945696,1,0.3574,0.3496,0.7517,41.3410,0.011,90
124183,33.574219,-6.579593,170.455585,-61.548219,1,0.0000,0.0000,0.0000,nan,0.021,65
124188,348.908447,-63.823658,319.169886,-50.176186,1,0.0000,0.0000,0.0000,nan,0.018,65
124361,51.855469,-27.953188,223.543603,-55.561470,1,0.3256,0.3420,0.8779,41.2856,0.008,88
124394,52.207031,-26.610098,221.298836,-55.042928,1,0.9198,1.4761,0.2825,45.1459,0.014,90
124679,346.276581,-64.011238,320.448031,-49.344136,1,0.3602,0.3409,0.0345,41.2771,0.019,52
124762,347.861847,-61.943836,321.519104,-51.424048,1,0.1442,2.8043,0.6276,46.8496,0.017,42
125095,352.711273,-63.823658,316.922299,-51.059403,1,0.0000,0.0000,0.0000,nan,0.024,65
125242,349.891296,-64.573555,317.972107,-49.786192,1,0.2721,0.5662,0.2621,42.5866,0.023,90
125258,349.615387,-63.636005,318.927246,-50.506542,1,0.0000,0.0000,0.0000,nan,0.018,65
125426,349.429535,-62.508568,320.039643,-51.393745,1,1.1327,1.1093,0.0315,44.3789,0.020,88
125470,34.277344,-5.079716,169.526841,-59.956640,1,0.5731,0.5848,0.0092,42.6713,0.019,90
125518,359.805206,-46.768478,327.135979,-67.829903,1,0.0000,0.0000,0.0000,nan,0.011,65
125743,347.013428,-62.508568,321.472056,-50.735330,1,0.9950,1.0046,0.0133,44.1126,0.018,42
125762,1.753247,-46.768478,324.030235,-68.498041,1,0.0000,0.0000,0.0000,nan,0.014,65
126061,349.966217,-62.696659,319.542989,-51.376556,1,0.0000,0.0000,0.0000,nan,0.021,65
126084,149.238281,3.882372,234.283829,42.351155,1,0.1250,0.1223,0.4578,38.7846,0.033,90
126970,150.996094,2.985506,236.647967,43.287350,1,0.0000,0.0000,0.0000,nan,0.020,16
127056,34.453125,-5.229529,169.987075,-59.956185,1,0.1629,0.1385,0.0373,39.0772,0.019,42
127488,348.908447,-63.823658,319.169886,-50.176186,1,0.0000,0.0000,0.0000,nan,0.018,65
127773,53.085938,-27.111860,222.384291,-54.355086,1,0.0000,0.0000,0.0000,nan,0.007,65
127942,348.595886,-63.072620,320.023289,-50.713060,1,0.3899,0.5026,0.2876,42.2748,0.021,90
127996,346.562500,-63.448284,320.824720,-49.866957,1,0.6993,0.6759,0.0121,43.0539,0.021,95
128339,0.965665,-46.375080,325.845907,-68.579427,1,0.2192,2.1719,1.1420,46.1760,0.007,67
128405,352.398651,-62.696659,318.017427,-51.967966,1,0.0000,0.0000,0.0000,nan,0.020,65
128488,150.468750,1.641510,237.714575,42.075234,1,0.1333,0.1194,0.0257,38.7277,0.017,42
128518,34.101562,-5.829153,170.247753,-60.638325,1,0.5644,0.5449,0.0420,42.4859,0.019,90
128564,150.117188,2.238686,236.784618,42.139082,1,0.4541,2.8846,1.1987,46.9235,0.016,90
128737,52.558594,-27.279613,222.538937,-54.845107,1,0.4204,0.4270,0.0598,41.8523,0.008,90
128746,152.050781,2.985506,237.495952,44.143927,1,0.3408,0.3671,0.5585,41.4654,0.019,52
128967,150.644531,3.583322,235.698235,43.342784,1,0.3145,0.3149,0.0153,41.0770,0.018,90
129179,346.130127,-63.072620,321.423103,-50.042305,1,0.1422,0.1600,0.0245,39.4198,0.020,52
129490,34.453125,-5.229529,169.987075,-59.956185,1,0.3803,0.4821,0.2384,42.1664,0.019,42
129503,150.292969,2.686724,236.427488,42.541447,1,0.1939,0.1882,0.0140,39.8092,0.016,52
129637,33.925781,-5.979157,170.179895,-60.866303,1,0.0000,0.0000,0.0000,nan,0.022,92
129648,348.529419,-61.755440,321.293980,-51.763351,1,0.3613,2.9518,0.4926,46.9838,0.016,62
129861,351.321442,-64.198746,317.458993,-50.429931,1,0.5180,0.5215,0.0294,42.3710,0.023,90
130220,346.276581,-64.011238,320.448031,-49.344136,1,0.5002,0.4635,0.0365,42.0643,0.019,42
130404,150.820312,3.732834,235.666318,43.572109,1,0.2531,0.2629,0.0072,40.6262,0.016,42
130502,35.683594,-5.379379,171.992947,-59.253501,1,0.2141,0.1909,0.0935,39.8439,0.020,90
130625,1.708861,-45.586655,325.688716,-69.520253,1,0.0000,0.0000,0.0000,nan,0.011,16
130750,359.816315,-44.003082,331.451340,-70.123054,1,0.2536,0.2917,0.7396,40.8850,0.013,90
131075,52.910156,-25.944481,220.366350,-54.301439,1,0.1709,0.1776,0.0174,39.6689,0.010,42
131181,34.101562,-5.829153,170.247753,-60.638325,1,0.0000,0.0000,0.0000,nan,0.019,16
131305,351.382965,-64.011238,317.574052,-50.604657,1,0.2846,0.3113,0.0407,41.0484,0.023,90
131368,150.996094,2.388015,237.313912,42.939977,1,0.0000,0.0000,0.0000,nan,0.021,65
131488,0.965665,-46.375080,325.845907,-68.579427,1,0.2691,0.2621,0.0183,40.6187,0.007,90
131492,150.820312,3.732834,235.666318,43.572109,1,0.0000,0.0000,0.0000,nan,0.016,16
131629,33.574219,-5.079716,168.448505,-60.407218,1,1.1119,1.0817,0.0329,44.3113,0.016,95
131814,151.699219,3.583322,236.533224,44.205648,1,0.2823,0.5387,0.2038,42.4557,0.016,90
131815,32.695312,-4.929937,166.868469,-60.841230,1,0.3521,0.3520,0.0254,41.3584,0.018,90
132021,359.058563,-45.191612,330.695783,-68.844915,1,0.2525,0.6394,0.1855,42.9069,0.011,90
132278,359.415588,-46.768478,327.729895,-67.686097,1,0.0000,0.0000,0.0000,nan,0.009,92
133074,347.617462,-62.508568,321.121462,-50.904708,1,0.2610,0.2672,0.8507,40.6666,0.019,90
133191,346.276581,-64.011238,320.448031,-49.344136,1,0.4648,0.4423,0.0247,41.9430,0.019,90
133234,151.523438,3.134927,236.900695,43.803170,1,0.2288,0.2866,0.0891,40.8416,0.019,15
133354,358.665253,-45.783966,330.353593,-68.203652,1,0.4990,0.5076,0.0086,42.3007,0.009,90
133513,34.980469,-6.279288,172.180075,-60.389399,1,0.4337,0.4221,0.0715,41.8224,0.023,90
133773,149.414062,3.433834,234.919132,42.245550,1,0.0000,0.0000,0.0000,nan,0.027,53
134380,150.996094,2.985506,236.647967,43.287350,1,0.3943,0.3670,0.0425,41.4645,0.020,90
134824,351.734680,-62.884678,318.284128,-51.651217,1,0.1196,0.1143,0.0103,38.6270,0.019,42
135054,350.230255,-61.943836,320.053946,-52.070537,1,0.3893,0.4001,0.3373,41.6849,0.017,90
135067,148.886719,2.686724,235.347248,41.389003,1,0.5285,0.5059,0.6484,42.2917,0.028,90
135097,151.171875,1.342993,238.602520,42.464379,1,0.2066,0.3032,0.0238,40.9819,0.026,42
135357,51.855469,-28.630989,224.733260,-55.649872,1,0.0000,0.0000,0.0000,nan,0.009,65
135588,151.523438,3.134927,236.900695,43.803170,1,0.0000,0.0000,0.0000,nan,0.019,16
135790,150.117188,2.238686,236.784618,42.139082,1,0.4136,0.3284,0.7703,41.1829,0.016,90
135813,0.589520,-47.161343,325.385896,-67.769893,1,0.2577,0.2445,0.0139,40.4473,0.009,52
136110,53.261719,-27.615883,223.280041,-54.281374,1,0.3785,0.4183,0.7565,41.7995,0.006,90
136352,51.328125,-27.784405,223.130589,-55.999499,1,0.0000,0.0000,0.0000,nan,0.013,65
136407,33.574219,-4.780192,168.064587,-60.175886,1,0.1110,0.0954,0.0100,38.2070,0.019,42
136704,150.820312,3.732834,235.666318,43.572109,1,0.2725,1.2302,1.1813,44.6568,0.016,62
136931,52.558594,-27.279613,222.538937,-54.845107,1,0.3304,0.3783,0.1057,41.5421,0.008,52
136949,351.321442,-64.198746,317.458993,-50.429931,1,0.0000,0.0000,0.0000,nan,0.023,65
137510,346.562500,-63.448284,320.824720,-49.866957,1,0.0000,0.0000,0.0000,nan,0.021,65
137645,51.855469,-26.276812,220.627031,-55.293792,1,0.1590,0.1754,0.0130,39.6390,0.014,42
138010,52.207031,-28.630989,224.800211,-55.343637,1,0.2411,0.2709,0.0169,40.7009,0.009,42
138068,150.292969,2.686724,236.427488,42.541447,1,0.2270,2.7496,0.8355,46.7979,0.016,42
138263,51.328125,-27.784405,223.130589,-55.999499,1,0.4085,0.4242,0.0398,41.8353,0.013,90
138415,349.429535,-62.508568,320.039643,-51.393745,1,0.2761,0.2500,0.0203,40.5026,0.020,42
138553,347.812500,-63.448284,320.128971,-50.202348,1,0.3010,0.2608,0.2763,40.6065,0.021,90
138947,349.160583,-64.760857,318.219706,-49.458924,1,0.5965,0.5575,0.2970,42.5456,0.020,42
139016,151.523438,3.134927,236.900695,43.803170,1,0.0000,0.0000,0.0000,nan,0.019,16
139329,151.699219,3.583322,236.533224,44.205648,1,0.5029,0.5454,0.2843,42.4885,0.016,90
139362,149.238281,3.882372,234.283829,42.351155,1,0.0809,0.0779,0.0097,37.7408,0.033,64
139405,1.666667,-44.399834,327.519190,-70.529554,1,0.3701,0.4458,0.8403,41.9636,0.009,90
139637,359.816315,-44.003082,331.451340,-70.123054,1,0.4142,0.4028,0.3993,41.7023,0.013,90
140096,2.457983,-45.389202,324.632685,-69.945696,1,0.2211,0.2342,0.0540,40.3413,0.011,90
140472,52.558594,-27.279613,222.538937,-54.845107,1,0.0000,0.0000,0.0000,nan,0.008,65
140948,1.666667,-44.399834,327.519190,-70.529554,1,0.2048,0.1926,0.0117,39.8645,0.009,62
141212,53.613281,-28.630989,225.073365,-54.119461,1,0.1256,2.3091,0.5229,46.3382,0.006,90
141302,150.292969,2.686724,236.427488,42.541447,1,0.4316,0.4620,0.3119,42.0560,0.016,42
141334,149.238281,3.882372,234.283829,42.351155,1,0.0000,0.0000,0.0000,nan,0.033,65
141686,53.085938,-28.122234,224.100909,-54.509752,1,0.3431,0.3179,0.2942,41.1008,0.007,67
141937,151.523438,3.134927,236.900695,43.803170,1,0.4487,0.4658,0.0138,42.0770,0.019,90
142099,52.207031,-26.610098,221.298836,-55.042928,1,0.0000,0.0000,0.0000,nan,0.014,65
142254,52.910156,-25.944481,220.366350,-54.301439,1,0.4858,0.5210,0.3055,42.3685,0.010,90
142368,347.013428,-62.508568,321.472056,-50.735330,1,0.2586,0.0878,0.7050,38.0148,0.018,90
142866,150.996094,2.388015,237.313912,42.939977,1,0.6327,0.6476,0.0215,42.9408,0.021,42
142867,349.966217,-62.696659,319.542989,-51.376556,1,0.1548,0.1591,0.0118,39.4056,0.021,42
142885,52.207031,-28.291550,224.208534,-55.300157,1,0.4057,0.3852,0.0218,41.5882,0.007,90
143066,0.189873,-45.586655,328.254458,-68.969298,1,0.1937,0.5270,0.1240,42.3983,0.007,42
143275,2.071130,-45.191612,325.606223,-69.989264,1,0.1114,0.1030,0.0117,38.3830,0.011,42
143651,34.101562,-5.829153,170.247753,-60.638325,1,0.3590,0.3440,0.0396,41.3003,0.019,90
143865,33.925781,-5.979157,170.179895,-60.866303,1,0.0000,0.0000,0.0000,nan,0.022,16
144204,53.085938,-27.111860,222.384291,-54.355086,1,0.4825,0.5378,0.3853,42.4513,0.007,90
144244,33.222656,-4.780192,167.515653,-60.396584,1,0.2120,0.6014,0.1268,42.7453,0.018,90
145107,34.980469,-6.279288,172.180075,-60.389399,1,0.0000,0.0000,0.0000,nan,0.023,16
145160,0.189873,-45.586655,328.254458,-68.969298,1,0.0000,0.0000,0.0000,nan,0.007,65
145257,52.207031,-28.291550,224.208534,-55.300157,1,0.2570,0.2708,0.2312,40.7001,0.007,90
145675,51.855469,-27.953188,223.543603,-55.561470,1,0.8655,0.8841,0.0293,43.7698,0.008,90
145859,34.980469,-6.279288,172.180075,-60.389399,1,0.2213,0.2411,0.0230,40.4126,0.023,90
145926,152.050781,3.284369,237.157374,44.318466,1,0.2061,0.2269,0.0092,40.2640,0.019,42
145990,33.222656,-4.780192,167.515653,-60.396584,1,0.4648,0.4366,0.0319,41.9096,0.018,90
146187,33.398438,-3.732834,166.492280,-59.466614,1,0.0000,0.0000,0.0000,nan,0.022,92
146410,359.805206,-46.768478,327.135979,-67.829903,1,0.2555,0.4043,0.6020,41.7117,0.011,90
146429,150.117188,2.238686,236.784618,42.139082,1,0.1260,0.1220,0.0168,38.7782,0.016,62
147214,51.855469,-27.953188,223.543603,-55.561470,1,0.1677,0.1843,0.0127,39.7584,0.008,90
147571,0.190678,-45.783966,327.956322,-68.803772,1,0.1885,0.2575,0.1606,40.5748,0.005,90
147642,52.910156,-26.276812,220.926149,-54.363918,1,0.2453,0.2263,0.0090,40.2576,0.008,62
147752,151.523438,3.134927,236.900695,43.803170,1,0.2042,0.1823,0.0158,39.7324,0.019,90
147816,34.277344,-5.079716,169.526841,-59.956640,1,0.0000,0.0000,0.0000,nan,0.019,92
148204,151.171875,2.238686,237.619933,42.994783,1,0.0000,0.0000,0.0000,nan,0.024,65
148466,151.171875,2.238686,237.619933,42.994783,1,0.5915,0.5684,0.0143,42.5965,0.024,90
148535,34.277344,-5.679190,170.314930,-60.410322,1,0.1966,0.1835,0.0107,39.7482,0.020,42
148543,349.046051,-61.943836,320.796530,-51.753706,1,0.4717,0.5098,0.0652,42.3120,0.017,90
148976,53.964844,-28.630989,225.142950,-53.813613,1,0.6993,0.6715,0.0353,43.0365,0.009,90
148996,51.855469,-26.276812,220.627031,-55.293792,1,0.0258,0.0954,0.0390,38.2066,0.014,15
149129,0.589520,-47.161343,325.385896,-67.769893,1,0.1440,2.5349,0.7043,46.5843,0.009,90
149130,151.171875,2.537361,237.288526,43.169764,1,0.1925,0.1847,0.0130,39.7633,0.024,90
149478,2.071130,-45.191612,325.606223,-69.989264,1,0.1744,0.5308,0.1019,42.4174,0.011,42
149673,33.398438,-4.331149,167.226341,-59.936551,1,0.3411,0.3499,0.0077,41.3436,0.018,90
150266,349.615387,-63.636005,318.927246,-50.506542,1,0.0000,0.0000,0.0000,nan,0.018,16
150344,349.966217,-62.696659,319.542989,-51.376556,1,0.0000,0.0000,0.0000,nan,0.021,65
150561,53.261719,-27.615883,223.280041,-54.281374,1,0.2265,0.2307,0.0085,40.3046,0.006,42
150765,51.855469,-27.953188,223.543603,-55.561470,1,0.0000,0.0000,0.0000,nan,0.008,65
150818,53.613281,-26.944359,222.237403,-53.863858,1,0.1401,0.1231,0.0150,38.8002,0.009,90
150880,351.382965,-64.011238,317.574052,-50.604657,1,0.1168,0.0932,0.0179,38.1533,0.023,42
151356,51.679688,-27.447618,222.618229,-55.642263,1,0.0000,0.0000,0.0000,nan,0.010,16
151427,0.574468,-45.981140,327.041068,-68.778764,1,0.0370,0.0313,0.0117,35.6883,0.006,42
151458,53.261719,-27.615883,223.280041,-54.281374,1,0.0000,0.0000,0.0000,nan,0.006,65
151462,33.574219,-4.780192,168.064587,-60.175886,1,0.2901,0.3886,0.4161,41.6102,0.019,42
151498,359.446716,-44.201530,331.730015,-69.805709,1,0.4319,0.4487,0.5711,41.9804,0.010,90
151694,54.667969,-27.615883,223.610785,-53.050840,1,0.0000,0.0000,0.0000,nan,0.009,92
151704,150.292969,2.686724,236.427488,42.541447,1,0.1558,0.1295,0.6463,38.9183,0.016,52
151973,150.996094,4.181528,235.291975,43.970869,1,0.0000,0.0000,0.0000,nan,0.015,92
152079,33.574219,-5.379379,168.838090,-60.637536,1,0.3503,0.3429,0.0254,41.2924,0.017,90
152083,150.468750,3.732834,235.392208,43.283244,1,0.5001,0.5041,0.0165,42.2827,0.020,90
152300,33.574219,-6.579593,170.455585,-61.548219,1,0.7306,0.6981,0.0380,43.1398,0.021,42
152425,150.820312,3.732834,235.666318,43.572109,1,0.0000,0.0000,0.0000,nan,0.016,65
152453,52.910156,-27.953188,223.774083,-54.639214,1,0.2741,0.5064,0.2047,42.2944,0.007,90
152567,150.996094,4.181528,235.291975,43.970869,1,0.0000,0.0000,0.0000,nan,0.015,16
152618,33.574219,-5.079716,168.448505,-60.407218,1,0.0000,0.0000,0.0000,nan,0.016,16
152640,33.574219,-4.780192,168.064587,-60.175886,1,0.0000,0.0000,0.0000,nan,0.019,65
152682,51.679688,-27.447618,222.618229,-55.642263,1,0.0000,0.0000,0.0000,nan,0.010,16
152756,150.996094,4.181528,235.291975,43.970869,1,0.1326,0.1837,0.4894,39.7513,0.015,62
152787,351.299988,-62.320400,319.038597,-52.026867,1,0.0000,0.0000,0.0000,nan,0.018,65
152812,32.695312,-4.929937,166.868469,-60.841230,1,2.2378,2.2813,0.0673,46.3061,0.018,88
153089,35.332031,-5.979157,172.286722,-59.931743,1,0.0000,0.0000,0.0000,nan,0.022,16
153539,54.667969,-27.615883,223.610785,-53.050840,1,0.3371,0.3157,0.0155,41.0832,0.009,88
153880,51.679688,-27.447618,222.618229,-55.642263,1,0.3501,0.3152,0.0731,41.0793,0.010,90
154053,34.101562,-5.829153,170.247753,-60.638325,1,0.1526,0.1479,0.0167,39.2327,0.019,42
154402,151.171875,2.238686,237.619933,42.994783,1,0.0294,0.0619,0.0172,37.2157,0.024,90
154631,358.648071,-46.375080,329.462659,-67.716008,1,0.9576,0.8148,0.0688,43.5515,0.009,90
154648,359.811707,-45.191612,329.485675,-69.150905,1,1.4174,1.4408,0.0548,45.0811,0.010,88
154762,35.859375,-4.630479,171.270769,-58.580806,1,0.3187,0.2788,1.0862,40.7724,0.022,90
154986,150.996094,2.985506,236.647967,43.287350,1,0.0000,0.0000,0.0000,nan,0.020,16
155110,148.886719,2.686724,235.347248,41.389003,1,0.0000,0.0000,0.0000,nan,0.028,65
155380,150.996094,2.388015,237.313912,42.939977,1,0.2147,0.2288,0.0127,40.2844,0.021,88
155468,150.996094,4.181528,235.291975,43.970869,1,0.0000,0.0000,0.0000,nan,0.015,65
155541,151.347656,4.181528,235.568369,44.259942,1,0.5115,0.4788,0.0312,42.1482,0.016,90
155613,148.710938,2.836105,235.050801,41.328739,1,0.3585,0.3694,0.0090,41.4811,0.031,90
155778,53.085938,-27.111860,222.384291,-54.355086,1,0.2234,0.5912,0.2372,42.6999,0.007,42
156386,151.523438,3.134927,236.900695,43.803170,1,1.4308,1.2425,0.1528,44.6834,0.019,88
156537,352.132874,-63.636005,317.424173,-51.095855,1,2.0260,2.3090,0.0769,46.3380,0.021,88
156739,351.321442,-64.198746,317.458993,-50.429931,1,0.3405,0.4842,0.8467,42.1775,0.023,90
157120,51.328125,-27.447618,222.535046,-55.950727,1,0.2126,0.2539,0.5364,40.5402,0.013,42
157299,34.453125,-5.229529,169.987075,-59.956185,1,0.5504,0.6351,0.0335,42.8890,0.019,42
157477,359.805206,-46.768478,327.135979,-67.829903,1,0.9586,0.7920,0.0736,43.4756,0.011,95
157746,149.414062,1.940072,236.565366,41.393323,1,0.2167,0.5603,0.2926,42.5588,0.018,52
158042,1.666667,-44.399834,327.519190,-70.529554,1,0.1965,0.2093,0.0089,40.0667,0.009,90
158241,347.013428,-62.508568,321.472056,-50.735330,1,0.0424,0.0344,0.0149,35.8982,0.018,62
158507,351.299988,-62.320400,319.038597,-52.026867,1,0.6109,0.7017,0.0936,43.1535,0.018,90
158515,52.910156,-26.276812,220.926149,-54.363918,1,0.3265,0.3196,0.0097,41.1146,0.008,42
158573,33.574219,-4.780192,168.064587,-60.175886,1,0.2736,0.5337,0.1790,42.4315,0.019,90
158697,35.332031,-5.979157,172.286722,-59.931743,1,0.3830,0.4049,0.0394,41.7159,0.022,90
158731,347.846710,-64.760857,318.929827,-49.143596,1,0.0000,0.0000,0.0000,nan,0.019,65
158813,150.820312,3.134927,236.341348,43.230123,1,0.1966,0.1962,0.0134,39.9093,0.016,62
158904,2.097458,-45.783966,324.737840,-69.478613,1,1.8591,1.6874,0.1207,45.5041,0.011,88
159277,359.805206,-46.768478,327.135979,-67.829903,1,0.6452,0.5890,0.0356,42.6903,0.011,90
159316,151.699219,3.583322,236.533224,44.205648,1,0.0000,0.0000,0.0000,nan,0.016,65
159491,151.171875,1.342993,238.602520,42.464379,1,0.0000,0.0000,0.0000,nan,0.026,16
159665,33.574219,-4.780192,168.064587,-60.175886,1,0.3253,0.3336,0.0122,41.2221,0.019,90
159925,150.820312,3.134927,236.341348,43.230123,1,1.6095,1.6763,0.0691,45.4866,0.016,88
160048,51.855469,-28.630989,224.733260,-55.649872,1,0.3638,0.4409,0.3427,41.9350,0.009,90
160426,351.321442,-64.198746,317.458993,-50.429931,1,0.3511,0.3353,0.0637,41.2356,0.023,90
160527,2.097458,-45.783966,324.737840,-69.478613,1,0.3162,0.2266,0.6723,40.2609,0.011,90
160737,52.207031,-28.291550,224.208534,-55.300157,1,0.3593,0.5374,0.2042,42.4496,0.007,88
160921,349.160583,-64.760857,318.219706,-49.458924,1,0.0000,0.0000,0.0000,nan,0.020,65
161135,52.207031,-28.291550,224.208534,-55.300157,1,0.4293,0.4326,0.0209,41.8860,0.007,90
161411,150.468750,3.732834,235.392208,43.283244,1,0.0000,0.0000,0.0000,nan,0.020,65
161432,149.414062,2.238686,236.239766,41.565558,1,0.0000,0.0000,0.0000,nan,0.017,16
161521,346.130127,-63.072620,321.423103,-50.042305,1,0.1147,0.1640,0.9394,39.4785,0.020,90
161591,150.996094,4.181528,235.291975,43.970869,1,0.0761,0.1416,0.0294,39.1295,0.015,62
161877,150.468750,1.641510,237.714575,42.075234,1,0.0000,0.0000,0.0000,nan,0.017,65
161988,51.679688,-27.447618,222.618229,-55.642263,1,0.5641,0.5875,0.0180,42.6834,0.010,90
162093,51.855469,-28.630989,224.733260,-55.649872,1,0.1580,0.1822,0.0192,39.7311,0.009,62
162139,150.820312,3.134927,236.341348,43.230123,1,0.1036,0.0926,0.0114,38.1367,0.016,42
162152,348.529419,-61.755440,321.293980,-51.763351,1,0.0000,0.0000,0.0000,nan,0.016,16
162531,347.861847,-61.943836,321.519104,-51.424048,1,0.5290,0.4535,0.0438,42.0076,0.017,90
162538,150.996094,4.181528,235.291975,43.970869,1,0.2795,0.5154,0.2561,42.3402,0.015,90
162994,53.085938,-28.122234,224.100909,-54.509752,1,0.5827,0.5520,0.0825,42.5199,0.007,90
163208,33.398438,-4.331149,167.226341,-59.936551,1,0.1546,0.1227,0.0022,38.7928,0.018,42
163680,0.574468,-45.981140,327.041068,-68.778764,1,0.3407,0.3516,0.0201,41.3557,0.006,90
163894,52.207031,-28.630989,224.800211,-55.343637,1,0.3027,0.3162,0.0110,41.0874,0.009,88
164582,32.871094,-4.780192,166.959493,-60.615132,1,0.6341,0.6230,0.0125,42.8383,0.017,90
164805,51.679688,-27.447618,222.618229,-55.642263,1,0.0000,0.0000,0.0000,nan,0.010,92
165406,351.321442,-64.198746,317.458993,-50.429931,1,0.0000,0.0000,0.0000,nan,0.023,65
165494,349.615387,-63.636005,318.927246,-50.506542,1,0.2616,0.2665,0.0118,40.6604,0.018,90
165507,151.171875,1.342993,238.602520,42.464379,1,0.2323,0.2251,0.0187,40.2445,0.026,67
165821,149.414062,2.238686,236.239766,41.565558,1,0.2458,1.0072,0.4491,44.1195,0.017,42
165985,51.679688,-27.447618,222.618229,-55.642263,1,0.4551,0.4933,0.2305,42.2259,0.010,88
166103,0.589520,-47.161343,325.385896,-67.769893,1,0.2871,0.2079,0.4627,40.0507,0.009,90
166165,150.117188,2.836105,236.124718,42.483719,1,0.0000,0.0000,0.0000,nan,0.016,16
166186,51.679688,-27.447618,222.618229,-55.642263,1,0.5156,0.5329,0.0107,42.4278,0.010,42
166195,149.238281,3.882372,234.283829,42.351155,1,0.0000,0.0000,0.0000,nan,0.033,16
166330,149.414062,1.940072,236.565366,41.393323,1,0.0000,0.0000,0.0000,nan,0.018,65
166697,53.613281,-28.630989,225.073365,-54.119461,1,1.1664,1.1160,0.0368,44.3951,0.006,95
166727,34.453125,-5.229529,169.987075,-59.956185,1,0.2659,0.2946,0.0220,40.9098,0.019,62
166956,359.811707,-45.191612,329.485675,-69.150905,1,0.0000,0.0000,0.0000,nan,0.010,65
167123,149.414062,2.238686,236.239766,41.565558,1,0.0000,0.0000,0.0000,nan,0.017,65
167220,359.446716,-44.201530,331.730015,-69.805709,1,0.7136,0.7235,0.0416,43.2348,0.010,90
167260,2.071130,-45.191612,325.606223,-69.989264,1,0.3449,0.3554,0.0193,41.3826,0.011,62
167310,349.615387,-63.636005,318.927246,-50.506542,1,0.3079,0.3246,0.0181,41.1538,0.018,42
167417,349.046051,-61.943836,320.796530,-51.753706,1,0.5774,0.5558,0.0410,42.5377,0.017,90
167436,350.230255,-61.943836,320.053946,-52.070537,1,0.1918,0.2263,0.0138,40.2576,0.017,90
167488,348.586945,-64.573555,318.693903,-49.477869,1,0.3928,0.3939,0.0171,41.6449,0.018,90
167910,348.908447,-63.823658,319.169886,-50.176186,1,0.4761,0.4646,0.0434,42.0701,0.018,90
168146,51.855469,-26.276812,220.627031,-55.293792,1,0.0000,0.0000,0.0000,nan,0.014,65
168465,149.414062,1.940072,236.565366,41.393323,1,2.1492,2.4337,0.1988,46.4769,0.018,95
168659,53.613281,-27.953188,223.929533,-54.024772,1,0.2663,0.3135,0.2502,41.0656,0.007,67
168952,358.312500,-44.993881,332.185785,-68.685906,1,0.0000,0.0000,0.0000,nan,0.009,65
168957,53.085938,-27.784405,223.525509,-54.460748,1,0.0000,0.0000,0.0000,nan,0.007,65
168967,347.812500,-63.448284,320.128971,-50.202348,1,0.1845,0.2142,0.1608,40.1234,0.021,90
168989,151.171875,1.342993,238.602520,42.464379,1,0.0000,0.0000,0.0000,nan,0.026,16
169133,347.013428,-62.508568,321.472056,-50.735330,1,0.4656,0.4799,0.2303,42.1546,0.018,90
169203,347.861847,-61.943836,321.519104,-51.424048,1,0.1833,0.1791,0.1849,39.6900,0.017,90
169282,149.414062,3.433834,234.919132,42.245550,1,0.3181,0.3458,0.3165,41.3133,0.027,90
